-- --------------------------------------------------------
-- Host:                         127.0.0.1
-- Server version:               8.0.21 - MySQL Community Server - GPL
-- Server OS:                    Win64
-- HeidiSQL Version:             11.0.0.5919
-- --------------------------------------------------------

/*!40101 SET @OLD_CHARACTER_SET_CLIENT=@@CHARACTER_SET_CLIENT */;
/*!40101 SET NAMES utf8 */;
/*!50503 SET NAMES utf8mb4 */;
/*!40014 SET @OLD_FOREIGN_KEY_CHECKS=@@FOREIGN_KEY_CHECKS, FOREIGN_KEY_CHECKS=0 */;
/*!40101 SET @OLD_SQL_MODE=@@SQL_MODE, SQL_MODE='NO_AUTO_VALUE_ON_ZERO' */;

-- Dumping structure for table ukdcg.auth_group
CREATE TABLE IF NOT EXISTS `auth_group` (
  `id` int NOT NULL AUTO_INCREMENT,
  `name` varchar(150) NOT NULL,
  PRIMARY KEY (`id`),
  UNIQUE KEY `name` (`name`)
) ENGINE=InnoDB DEFAULT CHARSET=utf8mb4 COLLATE=utf8mb4_0900_ai_ci;

-- Dumping data for table ukdcg.auth_group: ~0 rows (approximately)
/*!40000 ALTER TABLE `auth_group` DISABLE KEYS */;
/*!40000 ALTER TABLE `auth_group` ENABLE KEYS */;

-- Dumping structure for table ukdcg.auth_group_permissions
CREATE TABLE IF NOT EXISTS `auth_group_permissions` (
  `id` int NOT NULL AUTO_INCREMENT,
  `group_id` int NOT NULL,
  `permission_id` int NOT NULL,
  PRIMARY KEY (`id`),
  UNIQUE KEY `auth_group_permissions_group_id_permission_id_0cd325b0_uniq` (`group_id`,`permission_id`),
  KEY `auth_group_permissio_permission_id_84c5c92e_fk_auth_perm` (`permission_id`),
  CONSTRAINT `auth_group_permissio_permission_id_84c5c92e_fk_auth_perm` FOREIGN KEY (`permission_id`) REFERENCES `auth_permission` (`id`),
  CONSTRAINT `auth_group_permissions_group_id_b120cbf9_fk_auth_group_id` FOREIGN KEY (`group_id`) REFERENCES `auth_group` (`id`)
) ENGINE=InnoDB DEFAULT CHARSET=utf8mb4 COLLATE=utf8mb4_0900_ai_ci;

-- Dumping data for table ukdcg.auth_group_permissions: ~0 rows (approximately)
/*!40000 ALTER TABLE `auth_group_permissions` DISABLE KEYS */;
/*!40000 ALTER TABLE `auth_group_permissions` ENABLE KEYS */;

-- Dumping structure for table ukdcg.auth_permission
CREATE TABLE IF NOT EXISTS `auth_permission` (
  `id` int NOT NULL AUTO_INCREMENT,
  `name` varchar(255) NOT NULL,
  `content_type_id` int NOT NULL,
  `codename` varchar(100) NOT NULL,
  PRIMARY KEY (`id`),
  UNIQUE KEY `auth_permission_content_type_id_codename_01ab375a_uniq` (`content_type_id`,`codename`),
  CONSTRAINT `auth_permission_content_type_id_2f476e4b_fk_django_co` FOREIGN KEY (`content_type_id`) REFERENCES `django_content_type` (`id`)
) ENGINE=InnoDB AUTO_INCREMENT=105 DEFAULT CHARSET=utf8mb4 COLLATE=utf8mb4_0900_ai_ci;

-- Dumping data for table ukdcg.auth_permission: ~104 rows (approximately)
/*!40000 ALTER TABLE `auth_permission` DISABLE KEYS */;
INSERT INTO `auth_permission` (`id`, `name`, `content_type_id`, `codename`) VALUES
	(1, 'Can add log entry', 1, 'add_logentry'),
	(2, 'Can change log entry', 1, 'change_logentry'),
	(3, 'Can delete log entry', 1, 'delete_logentry'),
	(4, 'Can view log entry', 1, 'view_logentry'),
	(5, 'Can add permission', 2, 'add_permission'),
	(6, 'Can change permission', 2, 'change_permission'),
	(7, 'Can delete permission', 2, 'delete_permission'),
	(8, 'Can view permission', 2, 'view_permission'),
	(9, 'Can add group', 3, 'add_group'),
	(10, 'Can change group', 3, 'change_group'),
	(11, 'Can delete group', 3, 'delete_group'),
	(12, 'Can view group', 3, 'view_group'),
	(13, 'Can add user', 4, 'add_user'),
	(14, 'Can change user', 4, 'change_user'),
	(15, 'Can delete user', 4, 'delete_user'),
	(16, 'Can view user', 4, 'view_user'),
	(17, 'Can add content type', 5, 'add_contenttype'),
	(18, 'Can change content type', 5, 'change_contenttype'),
	(19, 'Can delete content type', 5, 'delete_contenttype'),
	(20, 'Can view content type', 5, 'view_contenttype'),
	(21, 'Can add session', 6, 'add_session'),
	(22, 'Can change session', 6, 'change_session'),
	(23, 'Can delete session', 6, 'delete_session'),
	(24, 'Can view session', 6, 'view_session'),
	(25, 'Can add captcha store', 7, 'add_captchastore'),
	(26, 'Can change captcha store', 7, 'change_captchastore'),
	(27, 'Can delete captcha store', 7, 'delete_captchastore'),
	(28, 'Can view captcha store', 7, 'view_captchastore'),
	(29, 'Can add Email Verify', 8, 'add_emailverifyrecord'),
	(30, 'Can change Email Verify', 8, 'change_emailverifyrecord'),
	(31, 'Can delete Email Verify', 8, 'delete_emailverifyrecord'),
	(32, 'Can view Email Verify', 8, 'view_emailverifyrecord'),
	(33, 'Can add User Profile', 9, 'add_userprofile'),
	(34, 'Can change User Profile', 9, 'change_userprofile'),
	(35, 'Can delete User Profile', 9, 'delete_userprofile'),
	(36, 'Can view User Profile', 9, 'view_userprofile'),
	(37, 'Can add Haulier List', 10, 'add_haulier'),
	(38, 'Can change Haulier List', 10, 'change_haulier'),
	(39, 'Can delete Haulier List', 10, 'delete_haulier'),
	(40, 'Can view Haulier List', 10, 'view_haulier'),
	(41, 'Can add warehouse profile', 11, 'add_warehouseprofile'),
	(42, 'Can change warehouse profile', 11, 'change_warehouseprofile'),
	(43, 'Can delete warehouse profile', 11, 'delete_warehouseprofile'),
	(44, 'Can view warehouse profile', 11, 'view_warehouseprofile'),
	(45, 'Can add progress record', 12, 'add_progressrecord'),
	(46, 'Can change progress record', 12, 'change_progressrecord'),
	(47, 'Can delete progress record', 12, 'delete_progressrecord'),
	(48, 'Can view progress record', 12, 'view_progressrecord'),
	(49, 'Can add Slot List', 13, 'add_warehouse'),
	(50, 'Can change Slot List', 13, 'change_warehouse'),
	(51, 'Can delete Slot List', 13, 'delete_warehouse'),
	(52, 'Can view Slot List', 13, 'view_warehouse'),
	(53, 'Can add Haulier Scheduled Time', 14, 'add_fixweekday'),
	(54, 'Can change Haulier Scheduled Time', 14, 'change_fixweekday'),
	(55, 'Can delete Haulier Scheduled Time', 14, 'delete_fixweekday'),
	(56, 'Can view Haulier Scheduled Time', 14, 'view_fixweekday'),
	(57, 'Can add Company', 15, 'add_company'),
	(58, 'Can change Company', 15, 'change_company'),
	(59, 'Can delete Company', 15, 'delete_company'),
	(60, 'Can view Company', 15, 'view_company'),
	(61, 'Can add Euro Country', 16, 'add_eurocountry'),
	(62, 'Can change Euro Country', 16, 'change_eurocountry'),
	(63, 'Can delete Euro Country', 16, 'delete_eurocountry'),
	(64, 'Can view Euro Country', 16, 'view_eurocountry'),
	(65, 'Can add Service Type', 17, 'add_servicetype'),
	(66, 'Can change Service Type', 17, 'change_servicetype'),
	(67, 'Can delete Service Type', 17, 'delete_servicetype'),
	(68, 'Can view Service Type', 17, 'view_servicetype'),
	(69, 'Can add Zone', 18, 'add_zonename'),
	(70, 'Can change Zone', 18, 'change_zonename'),
	(71, 'Can delete Zone', 18, 'delete_zonename'),
	(72, 'Can view Zone', 18, 'view_zonename'),
	(73, 'Can add Zone Surcharge', 19, 'add_zonesurcharge'),
	(74, 'Can change Zone Surcharge', 19, 'change_zonesurcharge'),
	(75, 'Can delete Zone Surcharge', 19, 'delete_zonesurcharge'),
	(76, 'Can view Zone Surcharge', 19, 'view_zonesurcharge'),
	(77, 'Can add Zone Detail', 20, 'add_zonedetail'),
	(78, 'Can change Zone Detail', 20, 'change_zonedetail'),
	(79, 'Can delete Zone Detail', 20, 'delete_zonedetail'),
	(80, 'Can view Zone Detail', 20, 'view_zonedetail'),
	(81, 'Can add Surcharge', 21, 'add_surcharge'),
	(82, 'Can change Surcharge', 21, 'change_surcharge'),
	(83, 'Can delete Surcharge', 21, 'delete_surcharge'),
	(84, 'Can view Surcharge', 21, 'view_surcharge'),
	(85, 'Can add Euro Price', 22, 'add_europrice'),
	(86, 'Can change Euro Price', 22, 'change_europrice'),
	(87, 'Can delete Euro Price', 22, 'delete_europrice'),
	(88, 'Can view Euro Price', 22, 'view_europrice'),
	(89, 'Can add First Menu', 23, 'add_firstmenu'),
	(90, 'Can change First Menu', 23, 'change_firstmenu'),
	(91, 'Can delete First Menu', 23, 'delete_firstmenu'),
	(92, 'Can view First Menu', 23, 'view_firstmenu'),
	(93, 'Can add Menu', 24, 'add_menu'),
	(94, 'Can change Menu', 24, 'change_menu'),
	(95, 'Can delete Menu', 24, 'delete_menu'),
	(96, 'Can view Menu', 24, 'view_menu'),
	(97, 'Can add Role', 25, 'add_role'),
	(98, 'Can change Role', 25, 'change_role'),
	(99, 'Can delete Role', 25, 'delete_role'),
	(100, 'Can view Role', 25, 'view_role'),
	(101, 'Can add Permission', 26, 'add_permission'),
	(102, 'Can change Permission', 26, 'change_permission'),
	(103, 'Can delete Permission', 26, 'delete_permission'),
	(104, 'Can view Permission', 26, 'view_permission');
/*!40000 ALTER TABLE `auth_permission` ENABLE KEYS */;

-- Dumping structure for table ukdcg.auth_user
CREATE TABLE IF NOT EXISTS `auth_user` (
  `id` int NOT NULL AUTO_INCREMENT,
  `password` varchar(128) NOT NULL,
  `last_login` datetime(6) DEFAULT NULL,
  `is_superuser` tinyint(1) NOT NULL,
  `username` varchar(150) NOT NULL,
  `first_name` varchar(150) NOT NULL,
  `last_name` varchar(150) NOT NULL,
  `email` varchar(254) NOT NULL,
  `is_staff` tinyint(1) NOT NULL,
  `is_active` tinyint(1) NOT NULL,
  `date_joined` datetime(6) NOT NULL,
  PRIMARY KEY (`id`),
  UNIQUE KEY `username` (`username`)
) ENGINE=InnoDB AUTO_INCREMENT=21 DEFAULT CHARSET=utf8mb4 COLLATE=utf8mb4_0900_ai_ci;

-- Dumping data for table ukdcg.auth_user: ~1 rows (approximately)
/*!40000 ALTER TABLE `auth_user` DISABLE KEYS */;
INSERT INTO `auth_user` (`id`, `password`, `last_login`, `is_superuser`, `username`, `first_name`, `last_name`, `email`, `is_staff`, `is_active`, `date_joined`) VALUES
	(1, 'pbkdf2_sha256$216000$K2crmijDVkeo$G3AbgGWi4r/33BkpN2qLkKuHForR0MHuRcGjiVVC3d4=', '2020-09-04 15:48:27.923594', 1, 'dcgadmin', '', '', '', 1, 1, '2020-09-04 13:08:19.179065'),
	(2, 'pbkdf2_sha256$216000$FQV0U0LvuWj7$oH0FGiwVJM4ftTB3/ho/hfmxKibsQk0DyQzEtrVg2Zo=', '2020-08-17 13:20:05.186449', 0, 'LILLIAN', '', '', 'OP01@dcg-uk.co.uk', 0, 1, '2020-08-17 11:28:43.000000'),
	(3, 'pbkdf2_sha256$216000$0f108XXBTdO6$dVYdCs7UhNYd1nmIaUGVvvbS7rCNz+AbUTR8RD1pwZE=', '2020-08-25 10:59:52.559760', 0, 'HAO', '', '', 'OP07@dcg-uk.co.uk', 0, 1, '2020-08-17 11:30:04.000000'),
	(4, 'pbkdf2_sha256$216000$RC2JZYKOaPb0$MKD0W63rVIMGNzv1c02j1fzdXB4cBC2UFdV5JDIUCfo=', '2020-08-21 07:48:41.085621', 0, 'DAN', '', '', 'DAN.CHEN@dcg-uk.co.uk', 0, 1, '2020-08-17 11:31:07.000000'),
	(5, 'pbkdf2_sha256$216000$O4WqxM11p3sn$HDxGU8nKZQBQlD6maowA27NF609oA+Qzr9+TwmXZuRo=', '2020-09-02 05:44:56.759257', 0, 'AMI', '', '', 'OP09@dcg-uk.co.uk', 1, 1, '2020-08-17 11:31:58.000000'),
	(6, 'pbkdf2_sha256$216000$gNDHUBP7tt8S$w0uawMC4xUqpbnDVvJUedGxFcEpNHssAE7TfxXSUvVA=', '2020-09-03 02:24:40.296881', 0, 'ELAIN', '', '', 'OP08@dcg-uk.co.uk', 0, 1, '2020-08-17 11:33:20.000000'),
	(7, 'pbkdf2_sha256$216000$ooiEv3NuQNVS$BLGs2DXv9zma2mxKBMUEPIYR/s6OpDfINolgUalMoo0=', '2020-09-02 10:20:29.185986', 0, 'RITA', '', '', 'RITA.ZHU@dcg-uk.co.uk', 0, 1, '2020-08-17 11:34:13.000000'),
	(8, 'pbkdf2_sha256$216000$RET5pbItbjHj$zVfhjxTyNHMUtRLKAXDKUj79RboMB8SzAKNHoZe+yx4=', '2020-08-17 13:12:06.976011', 0, 'HANNAH', '', '', 'DOCS01@dcg-uk.co.uk', 0, 1, '2020-08-17 11:35:01.000000'),
	(9, 'pbkdf2_sha256$216000$ImAPzqIFKaXi$3dqEDSJBUiZ2Ccf1EXICXs+KpoZtKoapuH6JrSdPaBw=', '2020-09-03 08:03:42.154912', 0, 'MAPLE', '', '', 'WAREHOUSE@dcg-uk.co.uk', 0, 1, '2020-08-17 11:35:54.000000'),
	(10, 'pbkdf2_sha256$216000$0SMhUQShCu8i$3Cqgw1dvlDQLxLCLTi1NkGDue76hhVRiStEW9Lvxqac=', '2020-09-03 06:29:57.977890', 0, 'QUEENIE', '', '', 'QUEENIE.WEI@dcg-uk.co.uk', 0, 1, '2020-08-17 11:36:39.000000'),
	(11, 'pbkdf2_sha256$216000$aNkCLjlKN30j$g9pHimaEZFAJ3R7hnPSCl0OuUhn+T+WD1HIqCMMnWuI=', '2020-08-17 13:12:55.468436', 0, 'SHARA', '', '', 'SHARA.HU@dcg-uk.co.uk', 0, 1, '2020-08-17 11:37:14.000000'),
	(12, 'pbkdf2_sha256$216000$nx15CLLevG99$V3vXWN/TN/qhK1LxkwGn7QD3BUiLgt4OUoe34i+iSzg=', '2020-09-02 12:03:39.000000', 0, 'thomas_test', '', '', '2@1.com', 0, 1, '2020-08-17 11:49:30.000000'),
	(13, 'pbkdf2_sha256$216000$XUdmQqY34tbU$bYnBWcusNG1oSi/CsB/bsbkPvdu0RfnWnGKp8z/YLD4=', '2020-09-02 05:05:16.372691', 0, 'Michelle', '', '', 'Michelle.c@dcg-uk.co.uk', 0, 1, '2020-08-18 09:31:49.000000'),
	(14, 'pbkdf2_sha256$216000$RKpVU7H7gRdH$HBi1HJV9mEqlfMjm0UzFpmgLoZysV2ZCOIXYMFXXwTs=', '2020-09-03 11:11:47.480330', 0, 'Lvy.Li', '', '', 'Ivy.li@dcg-uk.co.uk', 0, 1, '2020-08-18 09:33:07.000000'),
	(15, 'pbkdf2_sha256$216000$Ro84s7SGqjgL$nSpMcIieHQHRp+uXiPkg15Svj9dEwZ7Oc8tJcyuGeBc=', '2020-09-02 22:24:54.204161', 0, 'Will', '', '', 'will.liang@dcg-uk.co.uk', 0, 1, '2020-08-18 09:40:53.000000'),
	(16, 'pbkdf2_sha256$216000$BfTqaBJIXFyo$jo0BxfabglVb65cf1vTrQNmQRCdzUuzVfoaeIjtJ/Mc=', '2020-09-03 13:08:25.341861', 0, 'Anthony', '', '', 'anthony.g@dcg-uk.co.uk', 0, 1, '2020-08-18 10:33:36.000000'),
	(17, 'pbkdf2_sha256$216000$lBe2riymyfGB$Q7jA+eRCCeI3IoUdJP8k0U3pHsaexeldMqx+y5vY2iM=', '2020-09-04 15:20:36.655125', 0, 'Thomas', '', '', '1@1.com', 0, 1, '2020-08-18 14:26:39.000000'),
	(19, 'pbkdf2_sha256$216000$kLfYetIJ5hY2$iV1F35hljBDuOdxwiyBlKQmFH9Y2xe+KZRC8clqlKHc=', '2020-08-25 12:18:28.000000', 0, 'w-op01', '', '', 'w1@dcg-uk.co.uk', 0, 1, '2020-08-25 12:18:10.000000'),
	(20, 'pbkdf2_sha256$216000$8GLnHIu51iJB$k3X4iB46nR41OfU6f9O3bvi8PWAaVzepoBADc8THxn4=', '2020-08-25 12:20:29.000000', 0, 'w-op02', '', '', 'w2@dcg-uk.co.uk', 0, 1, '2020-08-25 12:20:05.000000');
/*!40000 ALTER TABLE `auth_user` ENABLE KEYS */;

-- Dumping structure for table ukdcg.auth_user_groups
CREATE TABLE IF NOT EXISTS `auth_user_groups` (
  `id` int NOT NULL AUTO_INCREMENT,
  `user_id` int NOT NULL,
  `group_id` int NOT NULL,
  PRIMARY KEY (`id`),
  UNIQUE KEY `auth_user_groups_user_id_group_id_94350c0c_uniq` (`user_id`,`group_id`),
  KEY `auth_user_groups_group_id_97559544_fk_auth_group_id` (`group_id`),
  CONSTRAINT `auth_user_groups_group_id_97559544_fk_auth_group_id` FOREIGN KEY (`group_id`) REFERENCES `auth_group` (`id`),
  CONSTRAINT `auth_user_groups_user_id_6a12ed8b_fk_auth_user_id` FOREIGN KEY (`user_id`) REFERENCES `auth_user` (`id`)
) ENGINE=InnoDB DEFAULT CHARSET=utf8mb4 COLLATE=utf8mb4_0900_ai_ci;

-- Dumping data for table ukdcg.auth_user_groups: ~0 rows (approximately)
/*!40000 ALTER TABLE `auth_user_groups` DISABLE KEYS */;
/*!40000 ALTER TABLE `auth_user_groups` ENABLE KEYS */;

-- Dumping structure for table ukdcg.auth_user_user_permissions
CREATE TABLE IF NOT EXISTS `auth_user_user_permissions` (
  `id` int NOT NULL AUTO_INCREMENT,
  `user_id` int NOT NULL,
  `permission_id` int NOT NULL,
  PRIMARY KEY (`id`),
  UNIQUE KEY `auth_user_user_permissions_user_id_permission_id_14a6b632_uniq` (`user_id`,`permission_id`),
  KEY `auth_user_user_permi_permission_id_1fbb5f2c_fk_auth_perm` (`permission_id`),
  CONSTRAINT `auth_user_user_permi_permission_id_1fbb5f2c_fk_auth_perm` FOREIGN KEY (`permission_id`) REFERENCES `auth_permission` (`id`),
  CONSTRAINT `auth_user_user_permissions_user_id_a95ead1b_fk_auth_user_id` FOREIGN KEY (`user_id`) REFERENCES `auth_user` (`id`)
) ENGINE=InnoDB DEFAULT CHARSET=utf8mb4 COLLATE=utf8mb4_0900_ai_ci;

-- Dumping data for table ukdcg.auth_user_user_permissions: ~0 rows (approximately)
/*!40000 ALTER TABLE `auth_user_user_permissions` DISABLE KEYS */;
/*!40000 ALTER TABLE `auth_user_user_permissions` ENABLE KEYS */;

-- Dumping structure for table ukdcg.captcha_captchastore
CREATE TABLE IF NOT EXISTS `captcha_captchastore` (
  `id` int NOT NULL AUTO_INCREMENT,
  `challenge` varchar(32) NOT NULL,
  `response` varchar(32) NOT NULL,
  `hashkey` varchar(40) NOT NULL,
  `expiration` datetime(6) NOT NULL,
  PRIMARY KEY (`id`),
  UNIQUE KEY `hashkey` (`hashkey`)
) ENGINE=InnoDB AUTO_INCREMENT=27 DEFAULT CHARSET=utf8mb4 COLLATE=utf8mb4_0900_ai_ci;

-- Dumping data for table ukdcg.captcha_captchastore: ~0 rows (approximately)
/*!40000 ALTER TABLE `captcha_captchastore` DISABLE KEYS */;
INSERT INTO `captcha_captchastore` (`id`, `challenge`, `response`, `hashkey`, `expiration`) VALUES
	(26, 'JLGK', 'jlgk', '326f8649444c06d99165498422b6a1de8e0e91f0', '2020-09-04 15:45:12.995648');
/*!40000 ALTER TABLE `captcha_captchastore` ENABLE KEYS */;

-- Dumping structure for table ukdcg.django_admin_log
CREATE TABLE IF NOT EXISTS `django_admin_log` (
  `id` int NOT NULL AUTO_INCREMENT,
  `action_time` datetime(6) NOT NULL,
  `object_id` longtext,
  `object_repr` varchar(200) NOT NULL,
  `action_flag` smallint unsigned NOT NULL,
  `change_message` longtext NOT NULL,
  `content_type_id` int DEFAULT NULL,
  `user_id` int NOT NULL,
  PRIMARY KEY (`id`),
  KEY `django_admin_log_content_type_id_c4bce8eb_fk_django_co` (`content_type_id`),
  KEY `django_admin_log_user_id_c564eba6_fk_auth_user_id` (`user_id`),
  CONSTRAINT `django_admin_log_content_type_id_c4bce8eb_fk_django_co` FOREIGN KEY (`content_type_id`) REFERENCES `django_content_type` (`id`),
  CONSTRAINT `django_admin_log_user_id_c564eba6_fk_auth_user_id` FOREIGN KEY (`user_id`) REFERENCES `auth_user` (`id`),
  CONSTRAINT `django_admin_log_chk_1` CHECK ((`action_flag` >= 0))
) ENGINE=InnoDB AUTO_INCREMENT=21 DEFAULT CHARSET=utf8mb4 COLLATE=utf8mb4_0900_ai_ci;

-- Dumping data for table ukdcg.django_admin_log: ~16 rows (approximately)
/*!40000 ALTER TABLE `django_admin_log` DISABLE KEYS */;
INSERT INTO `django_admin_log` (`id`, `action_time`, `object_id`, `object_repr`, `action_flag`, `change_message`, `content_type_id`, `user_id`) VALUES
	(1, '2020-09-04 13:13:56.391979', '1', 'Check Quote', 1, '[{"added": {}}]', 23, 1),
	(2, '2020-09-04 13:14:02.876750', '2', 'User Profiles', 1, '[{"added": {}}]', 23, 1),
	(3, '2020-09-04 13:14:50.427801', '1', 'Require', 1, '[{"added": {}}]', 24, 1),
	(4, '2020-09-04 13:15:22.993737', '2', 'My SKU', 1, '[{"added": {}}]', 24, 1),
	(5, '2020-09-04 13:15:39.892596', '3', 'My Profiles', 1, '[{"added": {}}]', 24, 1),
	(6, '2020-09-04 13:15:58.364689', '4', 'Modify Password', 1, '[{"added": {}}]', 24, 1),
	(7, '2020-09-04 13:16:26.391052', '5', 'Logout', 1, '[{"added": {}}]', 24, 1),
	(8, '2020-09-04 13:23:07.026725', '1', 'Admin', 1, '[{"added": {}}]', 25, 1),
	(9, '2020-09-04 13:23:16.834714', '2', 'Operator', 1, '[{"added": {}}]', 25, 1),
	(10, '2020-09-04 13:23:55.260745', '1', 'Permission object (1)', 1, '[{"added": {}}]', 26, 1),
	(11, '2020-09-04 13:24:03.480449', '2', 'Permission object (2)', 1, '[{"added": {}}]', 26, 1),
	(12, '2020-09-04 13:24:19.246180', '3', 'Permission object (3)', 1, '[{"added": {}}]', 26, 1),
	(13, '2020-09-04 13:24:34.090029', '4', 'Permission object (4)', 1, '[{"added": {}}]', 26, 1),
	(14, '2020-09-04 13:24:47.692425', '5', 'Permission object (5)', 1, '[{"added": {}}]', 26, 1),
	(15, '2020-09-04 13:24:59.232437', '5', 'Logout', 3, '', 24, 1),
	(16, '2020-09-04 13:32:06.638982', '4', 'Permission object (4)', 2, '[{"changed": {"fields": ["Role"]}}]', 26, 1),
	(17, '2020-09-04 13:48:35.048105', '12', 'thomas_test', 2, '[{"changed": {"fields": ["Email address"]}}, {"added": {"name": "User Profile", "object": "thomas_test"}}]', 4, 1),
	(18, '2020-09-04 15:49:07.767983', '3', 'NoChild', 1, '[{"added": {}}]', 23, 1),
	(19, '2020-09-04 15:54:50.968270', '6', 'NoChild', 1, '[{"added": {}}]', 24, 1),
	(20, '2020-09-04 15:55:29.545063', '6', 'Permission object (6)', 1, '[{"added": {}}]', 26, 1);
/*!40000 ALTER TABLE `django_admin_log` ENABLE KEYS */;

-- Dumping structure for table ukdcg.django_content_type
CREATE TABLE IF NOT EXISTS `django_content_type` (
  `id` int NOT NULL AUTO_INCREMENT,
  `app_label` varchar(100) NOT NULL,
  `model` varchar(100) NOT NULL,
  PRIMARY KEY (`id`),
  UNIQUE KEY `django_content_type_app_label_model_76bd3d3b_uniq` (`app_label`,`model`)
) ENGINE=InnoDB AUTO_INCREMENT=27 DEFAULT CHARSET=utf8mb4 COLLATE=utf8mb4_0900_ai_ci;

-- Dumping data for table ukdcg.django_content_type: ~26 rows (approximately)
/*!40000 ALTER TABLE `django_content_type` DISABLE KEYS */;
INSERT INTO `django_content_type` (`id`, `app_label`, `model`) VALUES
	(1, 'admin', 'logentry'),
	(3, 'auth', 'group'),
	(2, 'auth', 'permission'),
	(4, 'auth', 'user'),
	(7, 'captcha', 'captchastore'),
	(5, 'contenttypes', 'contenttype'),
	(23, 'menu', 'firstmenu'),
	(24, 'menu', 'menu'),
	(26, 'menu', 'permission'),
	(25, 'menu', 'role'),
	(15, 'quote', 'company'),
	(16, 'quote', 'eurocountry'),
	(22, 'quote', 'europrice'),
	(17, 'quote', 'servicetype'),
	(21, 'quote', 'surcharge'),
	(20, 'quote', 'zonedetail'),
	(18, 'quote', 'zonename'),
	(19, 'quote', 'zonesurcharge'),
	(6, 'sessions', 'session'),
	(14, 'slot', 'fixweekday'),
	(10, 'slot', 'haulier'),
	(12, 'slot', 'progressrecord'),
	(13, 'slot', 'warehouse'),
	(11, 'slot', 'warehouseprofile'),
	(8, 'users', 'emailverifyrecord'),
	(9, 'users', 'userprofile');
/*!40000 ALTER TABLE `django_content_type` ENABLE KEYS */;

-- Dumping structure for table ukdcg.django_migrations
CREATE TABLE IF NOT EXISTS `django_migrations` (
  `id` int NOT NULL AUTO_INCREMENT,
  `app` varchar(255) NOT NULL,
  `name` varchar(255) NOT NULL,
  `applied` datetime(6) NOT NULL,
  PRIMARY KEY (`id`)
) ENGINE=InnoDB AUTO_INCREMENT=29 DEFAULT CHARSET=utf8mb4 COLLATE=utf8mb4_0900_ai_ci;

-- Dumping data for table ukdcg.django_migrations: ~25 rows (approximately)
/*!40000 ALTER TABLE `django_migrations` DISABLE KEYS */;
INSERT INTO `django_migrations` (`id`, `app`, `name`, `applied`) VALUES
	(1, 'contenttypes', '0001_initial', '2020-09-04 13:07:35.926584'),
	(2, 'auth', '0001_initial', '2020-09-04 13:07:36.146585'),
	(3, 'admin', '0001_initial', '2020-09-04 13:07:36.704619'),
	(4, 'admin', '0002_logentry_remove_auto_add', '2020-09-04 13:07:36.840585'),
	(5, 'admin', '0003_logentry_add_action_flag_choices', '2020-09-04 13:07:36.851585'),
	(6, 'contenttypes', '0002_remove_content_type_name', '2020-09-04 13:07:37.000584'),
	(7, 'auth', '0002_alter_permission_name_max_length', '2020-09-04 13:07:37.141584'),
	(8, 'auth', '0003_alter_user_email_max_length', '2020-09-04 13:07:37.171585'),
	(9, 'auth', '0004_alter_user_username_opts', '2020-09-04 13:07:37.180583'),
	(10, 'auth', '0005_alter_user_last_login_null', '2020-09-04 13:07:37.256584'),
	(11, 'auth', '0006_require_contenttypes_0002', '2020-09-04 13:07:37.260584'),
	(12, 'auth', '0007_alter_validators_add_error_messages', '2020-09-04 13:07:37.269583'),
	(13, 'auth', '0008_alter_user_username_max_length', '2020-09-04 13:07:37.352585'),
	(14, 'auth', '0009_alter_user_last_name_max_length', '2020-09-04 13:07:37.431586'),
	(15, 'auth', '0010_alter_group_name_max_length', '2020-09-04 13:07:37.454598'),
	(16, 'auth', '0011_update_proxy_permissions', '2020-09-04 13:07:37.463613'),
	(17, 'auth', '0012_alter_user_first_name_max_length', '2020-09-04 13:07:37.549585'),
	(18, 'captcha', '0001_initial', '2020-09-04 13:07:37.586584'),
	(19, 'menu', '0001_initial', '2020-09-04 13:07:37.733585'),
	(20, 'quote', '0001_initial', '2020-09-04 13:07:38.439585'),
	(21, 'sessions', '0001_initial', '2020-09-04 13:07:39.781584'),
	(22, 'slot', '0001_initial', '2020-09-04 13:07:40.095583'),
	(23, 'users', '0001_initial', '2020-09-04 13:07:40.756584'),
	(24, 'menu', '0002_auto_20200904_1413', '2020-09-04 13:13:05.418873'),
	(25, 'menu', '0003_firstmenu_menu_url', '2020-09-04 13:34:37.450046'),
	(26, 'menu', '0004_firstmenu_have_child', '2020-09-04 15:46:54.869375'),
	(27, 'menu', '0005_auto_20200904_1654', '2020-09-04 15:54:13.345175'),
	(28, 'menu', '0006_auto_20200904_1723', '2020-09-04 16:23:50.868473');
/*!40000 ALTER TABLE `django_migrations` ENABLE KEYS */;

-- Dumping structure for table ukdcg.django_session
CREATE TABLE IF NOT EXISTS `django_session` (
  `session_key` varchar(40) NOT NULL,
  `session_data` longtext NOT NULL,
  `expire_date` datetime(6) NOT NULL,
  PRIMARY KEY (`session_key`),
  KEY `django_session_expire_date_a5c62663` (`expire_date`)
) ENGINE=InnoDB DEFAULT CHARSET=utf8mb4 COLLATE=utf8mb4_0900_ai_ci;

-- Dumping data for table ukdcg.django_session: ~1 rows (approximately)
/*!40000 ALTER TABLE `django_session` DISABLE KEYS */;
INSERT INTO `django_session` (`session_key`, `session_data`, `expire_date`) VALUES
	('1wj8co364x8jrbrogc1vf1wxsn09hbao', '.eJxVjEEOwiAQRe_C2pABitO6dO8ZyDAMUjU0Ke3KeHfbpAvd_vfef6tA61LC2mQOY1IXZVCdfsdI_JS6k_Sgep80T3WZx6h3RR-06duU5HU93L-DQq1sNXvCnJ1FIOuNULZEHt3gKCJAL8mfE4jBoXMMXjhi7KA30bLdAgb1-QIRijgT:1kECJR:n1fSXtIAWk6rqVLqW-Whh9fP-rQGrmlqM8628si9OEo', '2020-09-18 14:03:33.324984'),
	('6y1t3rdxj938v47n5ntr677nv4o101k8', '.eJxVjEEOwiAQRe_C2pABitO6dO8ZyDAMUjU0Ke3KeHfbpAvd_vfef6tA61LC2mQOY1IXZVCdfsdI_JS6k_Sgep80T3WZx6h3RR-06duU5HU93L-DQq1sNXvCnJ1FIOuNULZEHt3gKCJAL8mfE4jBoXMMXjhi7KA30bLdAgb1-QIRijgT:1kECFA:9pLnXPHoElF8jwZ8jT0TPgcFtoJOTI4RiQ4np-ZugWY', '2020-09-18 13:59:08.361668'),
	('ys3vvem1gzbkfmpybw0wfxebx22egehx', '.eJxVjMEOwiAQRP-FsyGLhQIevfsNZGEXqRpISnsy_rtt0oMe5jLvzbxFwHUpYe08h4nERShx-u0ipifXHdAD673J1OoyT1Huijxol7dG_Loe7t9BwV62tYlOQ3TE3lk_DKBy9CqnhMaxs0nTiGfWnFP0wBoVWgME4xYDTArF5wvvBThX:1kEDwx:14cyeFFiBRSLFLpKqrVciKZ52As2f5HnIBnVTiDk-q4', '2020-09-18 15:48:27.929622');
/*!40000 ALTER TABLE `django_session` ENABLE KEYS */;

-- Dumping structure for table ukdcg.haulier
CREATE TABLE IF NOT EXISTS `haulier` (
  `id` int NOT NULL AUTO_INCREMENT,
  `code` varchar(4) NOT NULL,
  `name` varchar(50) DEFAULT NULL,
  `contact` varchar(100) DEFAULT NULL,
  `telephone` varchar(100) DEFAULT NULL,
  `email` varchar(250) DEFAULT NULL,
  `is_use` int NOT NULL,
  `op_datetime` datetime(6) NOT NULL,
  `op_user_id` int NOT NULL,
  PRIMARY KEY (`id`),
  UNIQUE KEY `code` (`code`),
  KEY `Haulier_op_user_id_c9db0280_fk_auth_user_id` (`op_user_id`),
  CONSTRAINT `Haulier_op_user_id_c9db0280_fk_auth_user_id` FOREIGN KEY (`op_user_id`) REFERENCES `auth_user` (`id`)
) ENGINE=InnoDB AUTO_INCREMENT=15 DEFAULT CHARSET=utf8mb4 COLLATE=utf8mb4_0900_ai_ci;

-- Dumping data for table ukdcg.haulier: ~0 rows (approximately)
/*!40000 ALTER TABLE `haulier` DISABLE KEYS */;
INSERT INTO `haulier` (`id`, `code`, `name`, `contact`, `telephone`, `email`, `is_use`, `op_datetime`, `op_user_id`) VALUES
	(1, 'DCG', 'DCG TRANSPORT DEPARTMENT', '', '', '', 1, '2020-08-18 16:30:11.057338', 1),
	(2, 'SC', 'SIMARCO LOGISTICS', ' ', ' ', ' ', 1, '2020-08-17 11:40:49.345545', 1),
	(3, 'EX', '2EXCEL LOGISTICS', ' ', ' ', ' ', 1, '2020-08-17 11:41:16.716052', 1),
	(4, 'W', 'Woodland Logistics', ' ', ' ', ' ', 1, '2020-08-17 13:36:57.075390', 1),
	(5, 'GMA', 'GMA Warehousing & Transport Ltd', ' ', ' ', ' ', 1, '2020-08-17 11:41:57.862890', 1),
	(6, 'HC', 'HEMISPHERE FREIGHT LOGISTICS LTD', ' ', ' ', ' ', 1, '2020-08-17 11:42:18.147586', 1),
	(7, 'P', 'PAWSON TRANSPORT', ' ', ' ', ' ', 1, '2020-08-17 13:37:10.723845', 1),
	(8, 'BR', 'BRUNEL SHIPPING LTD', ' ', ' ', ' ', 1, '2020-08-17 11:42:55.173906', 1),
	(9, 'AS', 'AS LONDON', ' ', ' ', ' ', 1, '2020-08-17 11:43:19.505459', 1),
	(10, 'BT', 'BARTRUM', ' ', ' ', ' ', 1, '2020-08-17 13:37:23.762805', 1),
	(11, 'MG', 'MAGNUST GROUP', ' ', ' ', ' ', 1, '2020-08-17 11:43:59.161106', 1),
	(12, 'GC', 'GEORGE BAKER SHIPPING', ' ', ' ', ' ', 1, '2020-08-17 11:45:33.857152', 1),
	(13, 'TR', 'TransOcean', ' ', ' ', ' ', 1, '2020-08-17 13:38:11.250460', 1),
	(14, 'IM', 'IMOREX', 'admin', NULL, NULL, 1, '2020-09-01 10:51:53.040200', 1);
/*!40000 ALTER TABLE `haulier` ENABLE KEYS */;

-- Dumping structure for table ukdcg.haulier_fixtime
CREATE TABLE IF NOT EXISTS `haulier_fixtime` (
  `id` int NOT NULL AUTO_INCREMENT,
  `weekday` int NOT NULL,
  `time` time(6) NOT NULL,
  `status` int unsigned NOT NULL,
  `op_datetime` datetime(6) NOT NULL,
  `Haulier_id` int NOT NULL,
  `op_user_id` int NOT NULL,
  PRIMARY KEY (`id`),
  UNIQUE KEY `Haulier_FixTime_Haulier_id_weekday_time_de2a252f_uniq` (`Haulier_id`,`weekday`,`time`),
  KEY `Haulier_FixTime_op_user_id_5d36b1f8_fk_auth_user_id` (`op_user_id`),
  CONSTRAINT `Haulier_FixTime_Haulier_id_04d65fd3_fk_Haulier_id` FOREIGN KEY (`Haulier_id`) REFERENCES `haulier` (`id`),
  CONSTRAINT `Haulier_FixTime_op_user_id_5d36b1f8_fk_auth_user_id` FOREIGN KEY (`op_user_id`) REFERENCES `auth_user` (`id`),
  CONSTRAINT `haulier_fixtime_chk_1` CHECK ((`status` >= 0))
) ENGINE=InnoDB DEFAULT CHARSET=utf8mb4 COLLATE=utf8mb4_0900_ai_ci;

-- Dumping data for table ukdcg.haulier_fixtime: ~0 rows (approximately)
/*!40000 ALTER TABLE `haulier_fixtime` DISABLE KEYS */;
/*!40000 ALTER TABLE `haulier_fixtime` ENABLE KEYS */;

-- Dumping structure for table ukdcg.progress_record
CREATE TABLE IF NOT EXISTS `progress_record` (
  `id` int NOT NULL AUTO_INCREMENT,
  `deliveryref` varchar(25) NOT NULL,
  `progress` int unsigned NOT NULL,
  `progress_name` varchar(10) NOT NULL,
  `position` varchar(2) NOT NULL,
  `remark` varchar(400) DEFAULT NULL,
  `op_datetime` datetime(6) NOT NULL,
  `op_user_id` int NOT NULL,
  PRIMARY KEY (`id`),
  KEY `Progress_record_op_user_id_19159116_fk_auth_user_id` (`op_user_id`),
  CONSTRAINT `Progress_record_op_user_id_19159116_fk_auth_user_id` FOREIGN KEY (`op_user_id`) REFERENCES `auth_user` (`id`),
  CONSTRAINT `progress_record_chk_1` CHECK ((`progress` >= 0))
) ENGINE=InnoDB AUTO_INCREMENT=517 DEFAULT CHARSET=utf8mb4 COLLATE=utf8mb4_0900_ai_ci;

-- Dumping data for table ukdcg.progress_record: ~0 rows (approximately)
/*!40000 ALTER TABLE `progress_record` DISABLE KEYS */;
INSERT INTO `progress_record` (`id`, `deliveryref`, `progress`, `progress_name`, `position`, `remark`, `op_datetime`, `op_user_id`) VALUES
	(1, 'EXTEST', 1, '1-Booked', 'UK', 'Create New Booked', '2020-08-24 15:39:33.537691', 1),
	(2, 'EXTEST', 1, '1-Booked', 'UK', ' | Modify DateTime: From 2020-08-24 07:00 To 2020-08-24 07:01', '2020-08-24 15:44:34.869114', 12),
	(3, 'DCGTEST', 1, '1-Booked', 'UK', 'Create New Booked', '2020-08-24 16:49:16.163374', 1),
	(4, 'DCGTEST11', 1, '1-Booked', 'UK', 'Create New Booked', '2020-08-24 16:56:54.833564', 1),
	(5, 'DCGTEST11', 1, '1-Booked', 'UK', ' | Modify DateTime: From 2020-08-24 07:00 To 2020-08-24 07:02', '2020-08-24 16:57:02.097064', 12),
	(6, 'WBHX1159', 1, '1-Booked', 'UK', 'Create New Booked', '2020-08-24 17:06:31.177474', 4),
	(7, 'WBHX4285', 1, '1-Booked', 'UK', 'Create New Booked', '2020-08-24 17:07:08.476169', 4),
	(8, 'HC073', 1, '1-Booked', 'UK', 'Create New Booked', '2020-08-25 03:20:49.349216', 6),
	(9, 'HC075', 1, '1-Booked', 'UK', 'Create New Booked', '2020-08-25 03:21:01.105092', 6),
	(10, 'HC077', 1, '1-Booked', 'UK', 'Create New Booked', '2020-08-25 03:21:13.508579', 6),
	(11, 'TR031', 1, '1-Booked', 'UK', 'Create New Booked', '2020-08-25 03:21:53.859871', 6),
	(12, 'SC105', 1, '1-Booked', 'UK', 'Create New Booked', '2020-08-25 03:22:18.929212', 6),
	(13, 'SC134', 1, '1-Booked', 'UK', 'Create New Booked', '2020-08-25 06:00:17.094207', 5),
	(14, 'SC140', 1, '1-Booked', 'UK', 'Create New Booked', '2020-08-25 07:42:04.527410', 5),
	(15, 'SC132', 2, '2-Arrived', 'UK', ' | Modify Status: From 1-Booked To 2-Arrived', '2020-08-25 07:42:44.957039', 9),
	(16, 'DCGRD-BHX40133', 1, '1-Booked', 'UK', 'Create Booked', '2020-08-25 07:54:29.298364', 13),
	(17, 'DCGBHX40143', 1, '1-Booked', 'UK', 'Create New Booked', '2020-08-25 07:55:20.311890', 13),
	(18, 'DCGBHX40145', 1, '1-Booked', 'UK', 'Create New Booked', '2020-08-25 07:56:58.443236', 13),
	(19, 'DCGBHX40139', 4, '4-Finished', 'UK', ' | Modify Status: From 1-Booked To 4-Finished', '2020-08-25 07:58:00.799657', 9),
	(20, 'DCGLBA1032', 4, '4-Finished', 'UK', ' | Modify Status: From 1-Booked To 4-Finished', '2020-08-25 07:58:16.168232', 9),
	(21, 'SC132', 3, '3-Loading', 'UK', ' | Modify Status: From 2-Arrived To 3-Loading', '2020-08-25 08:01:53.680975', 9),
	(22, 'WEMA1161', 1, '1-Booked', 'UK', ' | Modify Remark: From  To P6', '2020-08-25 08:16:51.819604', 9),
	(23, 'WBHX1006', 1, '1-Booked', 'UK', ' | Modify Remark: From  To P11', '2020-08-25 08:17:19.320662', 9),
	(24, 'DCGBHX40141', 1, '1-Booked', 'UK', ' | Modify Remark: From  To P10', '2020-08-25 08:17:37.066567', 9),
	(25, 'EXMAN4079', 1, '1-Booked', 'UK', ' | Modify Remark: From  To P2', '2020-08-25 08:17:48.782425', 9),
	(26, 'DCGBHX4714', 1, '1-Booked', 'UK', ' | Modify Remark: From  To P4', '2020-08-25 08:18:02.138134', 9),
	(27, 'DCGDCG094', 1, '1-Booked', 'UK', 'Create New Booked', '2020-08-25 08:18:07.799904', 13),
	(28, 'WLTN4010', 1, '1-Booked', 'UK', ' | Modify Remark: From  To P12', '2020-08-25 08:18:18.160354', 9),
	(29, 'EXMAN4077', 1, '1-Booked', 'UK', ' | Modify Remark: From  To P7', '2020-08-25 08:18:30.459481', 9),
	(30, 'TR022', 2, '2-Arrived', 'UK', ' | Modify Status: From 1-Booked To 2-Arrived', '2020-08-25 08:33:27.927821', 9),
	(31, 'TR022', 3, '3-Loading', 'UK', ' | Modify Status: From 2-Arrived To 3-Loading', '2020-08-25 08:33:38.775520', 9),
	(32, 'SC132', 4, '4-Finished', 'UK', ' | Modify Status: From 3-Loading To 4-Finished', '2020-08-25 08:33:45.573999', 9),
	(33, 'TR022', 4, '4-Finished', 'UK', ' | Modify Status: From 3-Loading To 4-Finished', '2020-08-25 08:46:17.584023', 9),
	(34, 'DCGBHX40141', 3, '3-Loading', 'UK', ' | Modify Status: From 1-Booked To 3-Loading', '2020-08-25 09:02:21.246934', 9),
	(35, 'EXMAN4079', 3, '3-Loading', 'UK', ' | Modify Status: From 1-Booked To 3-Loading', '2020-08-25 09:02:32.427293', 9),
	(36, 'DCGBHX4714', 2, '2-Arrived', 'UK', ' | Modify Status: From 1-Booked To 2-Arrived', '2020-08-25 09:03:00.130549', 9),
	(37, 'DCGDCG092 ', 1, '1-Booked', 'UK', 'Create New Booked', '2020-08-25 09:19:24.636767', 13),
	(38, 'HC079', 1, '1-Booked', 'UK', 'Create New Booked', '2020-08-25 09:22:11.952187', 6),
	(39, 'HC081', 1, '1-Booked', 'UK', 'Create New Booked', '2020-08-25 09:22:25.553921', 6),
	(40, 'SC107', 1, '1-Booked', 'UK', 'Create New Booked', '2020-08-25 09:22:51.361553', 6),
	(41, 'GC077', 1, '1-Booked', 'UK', 'Create New Booked', '2020-08-25 09:23:21.385051', 6),
	(42, 'GC079', 1, '1-Booked', 'UK', 'Create New Booked', '2020-08-25 09:24:35.926025', 6),
	(43, 'DCGBHX4718 ', 1, '1-Booked', 'UK', 'Create New Booked', '2020-08-25 09:29:57.916477', 13),
	(44, 'DCGBHX40141', 4, '4-Finished', 'UK', ' | Modify Status: From 3-Loading To 4-Finished', '2020-08-25 09:35:36.202578', 9),
	(45, 'EXMAN4079', 4, '4-Finished', 'UK', ' | Modify Status: From 3-Loading To 4-Finished', '2020-08-25 09:35:50.540971', 9),
	(46, 'DCGBHX4714', 3, '3-Loading', 'UK', ' | Modify Status: From 2-Arrived To 3-Loading', '2020-08-25 09:36:05.115774', 9),
	(47, 'WEMA1161', 2, '2-Arrived', 'UK', ' | Modify Status: From 1-Booked To 2-Arrived', '2020-08-25 09:36:38.951733', 9),
	(48, 'DCGBHX4714', 4, '4-Finished', 'UK', ' | Modify Status: From 3-Loading To 4-Finished', '2020-08-25 10:04:41.895147', 9),
	(49, 'WEMA1161', 3, '3-Loading', 'UK', ' | Modify Status: From 2-Arrived To 3-Loading', '2020-08-25 10:05:04.023722', 9),
	(50, 'DCGDCMAN4064', 1, '1-Booked', 'UK', 'Create New Booked', '2020-08-25 10:11:31.707335', 13),
	(51, 'WEMA1161', 4, '4-Finished', 'UK', ' | Modify Status: From 3-Loading To 4-Finished', '2020-08-25 10:27:08.537459', 9),
	(52, 'GC078', 2, '2-Arrived', 'UK', ' | Modify Status: From 1-Booked To 2-Arrived', '2020-08-25 10:27:24.072518', 9),
	(53, 'HC060', 2, '2-Arrived', 'UK', ' | Modify Status: From 1-Booked To 2-Arrived', '2020-08-25 10:30:44.782965', 9),
	(54, 'GC078', 3, '3-Loading', 'UK', ' | Modify Status: From 2-Arrived To 3-Loading', '2020-08-25 10:43:31.684843', 9),
	(55, 'EXEMA1063', 3, '3-Loading', 'UK', ' | Modify Status: From 1-Booked To 3-Loading', '2020-08-25 10:43:53.384686', 9),
	(56, 'WBHX4144', 1, '1-Booked', 'UK', 'Create New Booked', '2020-08-25 11:00:20.851031', 3),
	(57, 'WHX4146', 1, '1-Booked', 'UK', 'Create New Booked', '2020-08-25 11:00:37.077657', 3),
	(58, 'EXLCY2022', 1, '1-Booked', 'UK', 'Create New Booked', '2020-08-25 11:02:08.677597', 3),
	(59, 'GC080', 2, '2-Arrived', 'UK', ' | Modify Status: From 1-Booked To 2-Arrived', '2020-08-25 11:02:32.683293', 9),
	(60, 'EXMAN4022', 1, '1-Booked', 'UK', 'Create New Booked', '2020-08-25 11:03:21.215142', 3),
	(61, 'GC078', 4, '4-Finished', 'UK', ' | Modify Status: From 3-Loading To 4-Finished', '2020-08-25 11:03:48.859521', 9),
	(62, 'EXMAN2020', 1, '1-Booked', 'UK', 'Create New Booked', '2020-08-25 11:04:04.611590', 3),
	(63, 'GC082', 1, '1-Booked', 'UK', 'Create New Booked', '2020-08-25 11:06:40.480955', 5),
	(64, 'EXEMA1063', 4, '4-Finished', 'UK', ' | Modify Status: From 3-Loading To 4-Finished', '2020-08-25 11:46:05.250082', 9),
	(65, 'HC060', 4, '4-Finished', 'UK', ' | Modify Status: From 2-Arrived To 4-Finished', '2020-08-25 11:51:22.162195', 9),
	(66, 'GC080', 3, '3-Loading', 'UK', ' | Modify Status: From 2-Arrived To 3-Loading', '2020-08-25 12:04:41.911576', 9),
	(67, 'GC080', 4, '4-Finished', 'UK', ' | Modify Status: From 3-Loading To 4-Finished', '2020-08-25 12:25:09.002187', 9),
	(68, 'WEMA1163', 1, '1-Booked', 'UK', ' | Modify Remark: From  To P4', '2020-08-25 12:27:26.940614', 9),
	(69, 'DCGBHX4716 ', 1, '1-Booked', 'UK', ' | Modify Remark: From  To P9', '2020-08-25 12:27:46.639582', 9),
	(70, 'DCGBHX2150', 1, '1-Booked', 'UK', ' | Modify Remark: From  To P10', '2020-08-25 12:28:00.862388', 9),
	(71, 'DCGBRS1065', 1, '1-Booked', 'UK', ' | Modify Remark: From  To P2', '2020-08-25 12:28:16.263632', 9),
	(72, 'HC071', 2, '2-Arrived', 'UK', ' | Modify Status: From 1-Booked To 2-Arrived', '2020-08-25 12:38:50.746985', 9),
	(73, 'WBHX1006', 2, '2-Arrived', 'UK', ' | Modify Status: From 1-Booked To 2-Arrived', '2020-08-25 12:48:15.415365', 9),
	(74, 'SC134', 2, '2-Arrived', 'UK', ' | Modify Status: From 1-Booked To 2-Arrived', '2020-08-25 12:48:43.255088', 9),
	(75, 'WBHX1006', 3, '3-Loading', 'UK', ' | Modify Status: From 2-Arrived To 3-Loading', '2020-08-25 13:22:25.567209', 9),
	(76, 'HC071', 4, '4-Finished', 'UK', ' | Modify Status: From 2-Arrived To 4-Finished', '2020-08-25 13:22:37.559036', 9),
	(77, 'SC134', 3, '3-Loading', 'UK', ' | Modify Status: From 2-Arrived To 3-Loading', '2020-08-25 13:22:45.428555', 9),
	(78, 'GC075', 2, '2-Arrived', 'UK', ' | Modify Status: From 1-Booked To 2-Arrived', '2020-08-25 13:23:06.318999', 9),
	(79, 'WLTN4010', 2, '2-Arrived', 'UK', ' | Modify Status: From 1-Booked To 2-Arrived', '2020-08-25 13:23:16.353401', 9),
	(80, 'GMA099', 2, '2-Arrived', 'UK', ' | Modify Status: From 1-Booked To 2-Arrived', '2020-08-25 13:29:22.959118', 9),
	(81, 'DCGBHX4716 ', 2, '2-Arrived', 'UK', ' | Modify Status: From 1-Booked To 2-Arrived', '2020-08-25 13:39:55.012193', 9),
	(82, 'EXMAN4077', 2, '2-Arrived', 'UK', ' | Modify Status: From 1-Booked To 2-Arrived', '2020-08-25 13:40:40.752589', 9),
	(83, 'WBHX1006', 4, '4-Finished', 'UK', ' | Modify Status: From 3-Loading To 4-Finished', '2020-08-25 13:45:36.343183', 9),
	(84, 'SC134', 4, '4-Finished', 'UK', ' | Modify Status: From 3-Loading To 4-Finished', '2020-08-25 13:45:46.223840', 9),
	(85, 'GC075', 3, '3-Loading', 'UK', ' | Modify Status: From 2-Arrived To 3-Loading', '2020-08-25 13:57:12.527179', 9),
	(86, 'DCGBHX4716 ', 3, '3-Loading', 'UK', ' | Modify Status: From 2-Arrived To 3-Loading', '2020-08-25 13:57:24.787756', 9),
	(87, 'WLTN4010', 4, '4-Finished', 'UK', ' | Modify Status: From 2-Arrived To 4-Finished', '2020-08-25 14:40:33.870598', 9),
	(88, 'DCGBHX4716 ', 4, '4-Finished', 'UK', ' | Modify Status: From 3-Loading To 4-Finished', '2020-08-25 14:40:50.276700', 9),
	(89, 'GC075', 4, '4-Finished', 'UK', ' | Modify Status: From 3-Loading To 4-Finished', '2020-08-25 14:41:00.407207', 9),
	(90, 'EXMAN4077', 3, '3-Loading', 'UK', ' | Modify Status: From 2-Arrived To 3-Loading', '2020-08-25 14:41:08.106423', 9),
	(91, 'GMA099', 3, '3-Loading', 'UK', ' | Modify Status: From 2-Arrived To 3-Loading', '2020-08-25 15:05:38.082642', 9),
	(92, 'EXMAN4077', 4, '4-Finished', 'UK', ' | Modify Status: From 3-Loading To 4-Finished', '2020-08-25 15:05:46.420980', 9),
	(93, 'GMA099', 4, '4-Finished', 'UK', ' | Modify Status: From 3-Loading To 4-Finished', '2020-08-25 15:11:45.107751', 9),
	(94, 'DCGBHX2150', 3, '3-Loading', 'UK', ' | Modify Status: From 1-Booked To 3-Loading', '2020-08-25 15:22:38.985374', 9),
	(95, 'WEMA1163', 1, '1-Booked', 'UK', ' | Modify DateTime: From 2020-08-25 14:30 To 2020-08-26 14:30', '2020-08-25 17:39:24.891655', 4),
	(96, 'DCGDCG096', 1, '1-Booked', 'UK', 'Create New Booked', '2020-08-26 05:54:17.554016', 13),
	(97, 'DCGDCG098', 1, '1-Booked', 'UK', 'Create New Booked', '2020-08-26 05:54:58.309623', 13),
	(98, 'DCGBHX4720', 1, '1-Booked', 'UK', 'Create New Booked', '2020-08-26 05:55:49.602256', 13),
	(99, 'DCGBHX40147', 1, '1-Booked', 'UK', 'Create New Booked', '2020-08-26 05:56:30.397706', 13),
	(100, 'DCGLBA2082', 1, '1-Booked', 'UK', 'Create New Booked', '2020-08-26 05:57:11.901030', 13),
	(101, 'DCGBHX40149', 1, '1-Booked', 'UK', 'Create New Booked', '2020-08-26 05:57:58.095431', 13),
	(102, 'DCGXBH1091', 1, '1-Booked', 'UK', 'Create New Booked', '2020-08-26 05:58:37.056486', 13),
	(103, 'HC083', 1, '1-Booked', 'UK', 'Create New Booked', '2020-08-26 06:40:52.636167', 6),
	(104, 'HC085', 1, '1-Booked', 'UK', 'Create New Booked', '2020-08-26 06:41:08.349822', 6),
	(105, 'GMA103', 1, '1-Booked', 'UK', 'Create New Booked', '2020-08-26 06:44:45.309187', 6),
	(106, 'SC109', 1, '1-Booked', 'UK', 'Create New Booked', '2020-08-26 07:09:04.295290', 6),
	(107, 'DCGRD-BHX40133', 1, '1-Booked', 'UK', ' | Modify Remark: From  To P1', '2020-08-26 07:39:40.407937', 9),
	(108, 'DCGBHX4718 ', 1, '1-Booked', 'UK', ' | Modify Remark: From  To P7', '2020-08-26 07:40:18.782093', 9),
	(109, 'WBHX4144', 1, '1-Booked', 'UK', ' | Modify Remark: From  To P9', '2020-08-26 07:40:38.899023', 9),
	(110, 'EXMAN4022', 1, '1-Booked', 'UK', ' | Modify Remark: From  To P11', '2020-08-26 07:40:51.041392', 9),
	(111, 'EXLCY2022', 1, '1-Booked', 'UK', ' | Modify Remark: From  To P3', '2020-08-26 07:41:09.067068', 9),
	(112, 'DCGBHX40145', 4, '4-Finished', 'UK', ' | Modify Status: From 1-Booked To 4-Finished', '2020-08-26 07:51:53.643813', 9),
	(113, 'WBHX1159', 4, '4-Finished', 'UK', ' | Modify Status: From 1-Booked To 4-Finished', '2020-08-26 07:52:00.510657', 9),
	(114, 'DCGBHX40143', 4, '4-Finished', 'UK', ' | Modify Status: From 1-Booked To 4-Finished', '2020-08-26 07:52:08.981539', 9),
	(115, 'SC105', 3, '3-Loading', 'UK', ' | Modify Status: From 1-Booked To 3-Loading', '2020-08-26 07:52:18.450912', 9),
	(116, 'DCGDCG100', 1, '1-Booked', 'UK', 'Create New Booked', '2020-08-26 08:09:03.928245', 13),
	(117, 'GC082', 2, '2-Arrived', 'UK', ' | Modify Status: From 1-Booked To 2-Arrived', '2020-08-26 08:11:18.402536', 9),
	(118, 'DCGBRS1065', 4, '4-Finished', 'UK', ' | Modify Status: From 1-Booked To 4-Finished', '2020-08-26 08:42:23.043854', 7),
	(119, 'DCGBHX2150', 4, '4-Finished', 'UK', ' | Modify Status: From 3-Loading To 4-Finished', '2020-08-26 08:44:42.416568', 7),
	(120, 'EXMAN4022', 2, '2-Arrived', 'UK', ' | Modify Status: From 1-Booked To 2-Arrived', '2020-08-26 08:58:50.628491', 9),
	(121, 'EXLCY2022', 2, '2-Arrived', 'UK', ' | Modify Status: From 1-Booked To 2-Arrived', '2020-08-26 08:59:03.066300', 9),
	(122, 'SC105', 4, '4-Finished', 'UK', ' | Modify Status: From 3-Loading To 4-Finished', '2020-08-26 08:59:11.134355', 9),
	(123, 'DCGDCG094', 4, '4-Finished', 'UK', ' | Modify Status: From 1-Booked To 4-Finished', '2020-08-26 08:59:18.414136', 9),
	(124, 'GC082', 4, '4-Finished', 'UK', ' | Modify Status: From 2-Arrived To 4-Finished', '2020-08-26 08:59:41.103887', 9),
	(125, 'EXLCY2022', 3, '3-Loading', 'UK', ' | Modify Status: From 2-Arrived To 3-Loading', '2020-08-26 09:28:36.355474', 9),
	(126, 'EXMAN4022', 3, '3-Loading', 'UK', ' | Modify Status: From 2-Arrived To 3-Loading', '2020-08-26 09:28:43.935363', 9),
	(127, 'EXLCY2022', 4, '4-Finished', 'UK', ' | Modify Status: From 3-Loading To 4-Finished', '2020-08-26 10:01:35.005173', 9),
	(128, 'EXMAN4022', 4, '4-Finished', 'UK', ' | Modify Status: From 3-Loading To 4-Finished', '2020-08-26 10:01:42.655133', 9),
	(129, 'GC083', 1, '1-Booked', 'UK', 'Create New Booked', '2020-08-26 10:11:39.923495', 6),
	(130, 'DCGEMA1024', 1, '1-Booked', 'UK', 'Create New Booked', '2020-08-26 10:15:28.570660', 13),
	(131, 'DCGBHX4722', 1, '1-Booked', 'UK', 'Create New Booked', '2020-08-26 10:50:06.364450', 13),
	(132, 'GC079', 3, '3-Loading', 'UK', ' | Modify Status: From 1-Booked To 3-Loading', '2020-08-26 11:16:52.934845', 9),
	(133, 'GMA086', 1, '1-Booked', 'UK', 'Create New Booked', '2020-08-26 11:38:59.035384', 5),
	(134, 'SC138', 1, '1-Booked', 'UK', 'Create New Booked', '2020-08-26 11:39:35.395105', 5),
	(135, 'GC084', 1, '1-Booked', 'UK', 'Create New Booked', '2020-08-26 11:40:05.288632', 5),
	(136, 'TR024', 1, '1-Booked', 'UK', 'Create New Booked', '2020-08-26 11:40:30.093144', 5),
	(137, 'HC062', 1, '1-Booked', 'UK', 'Create New Booked', '2020-08-26 11:41:00.319493', 5),
	(138, 'BR014', 1, '1-Booked', 'UK', 'Create New Booked', '2020-08-26 11:41:38.179250', 5),
	(139, 'BR016', 1, '1-Booked', 'UK', 'Create New Booked', '2020-08-26 11:41:57.158312', 5),
	(140, 'GMA088', 1, '1-Booked', 'UK', 'Create New Booked', '2020-08-26 11:43:27.948736', 5),
	(141, 'GC086', 1, '1-Booked', 'UK', 'Create New Booked', '2020-08-26 11:44:29.686400', 5),
	(142, 'GC088', 1, '1-Booked', 'UK', 'Create New Booked', '2020-08-26 11:44:50.908806', 5),
	(143, 'GC079', 4, '4-Finished', 'UK', ' | Modify Status: From 3-Loading To 4-Finished', '2020-08-26 11:58:41.691902', 9),
	(144, 'WBHX2020', 1, '1-Booked', 'UK', 'Create New Booked', '2020-08-26 11:59:32.628639', 3),
	(145, 'HC077', 2, '2-Arrived', 'UK', ' | Modify Status: From 1-Booked To 2-Arrived | Modify Have Time: From 0 To 1', '2020-08-26 12:42:50.963652', 9),
	(146, 'WBHX4144', 3, '3-Loading', 'UK', ' | Modify Status: From 1-Booked To 3-Loading', '2020-08-26 12:49:06.010927', 9),
	(147, 'DCGUKDCG023868', 1, '1-Booked', 'UK', 'Create New Booked', '2020-08-26 13:31:43.114368', 5),
	(148, 'DCGBHX4718 ', 3, '3-Loading', 'UK', ' | Modify Status: From 1-Booked To 3-Loading', '2020-08-26 13:37:23.554977', 9),
	(149, 'DCGLBA1034', 1, '1-Booked', 'UK', 'Create New Booked', '2020-08-26 13:44:56.579447', 13),
	(150, 'EXEMA1014', 1, '1-Booked', 'UK', 'Create New Booked', '2020-08-26 14:42:17.535066', 3),
	(151, 'DCGWBHX4018', 1, '1-Booked', 'UK', 'Create New Booked', '2020-08-26 14:48:21.093014', 5),
	(152, 'HC077', 3, '3-Loading', 'UK', ' | Modify Status: From 2-Arrived To 3-Loading', '2020-08-26 15:22:50.279296', 9),
	(153, 'SC140', 4, '4-Finished', 'UK', ' | Modify Status: From 1-Booked To 4-Finished', '2020-08-26 15:23:05.824150', 9),
	(154, 'WEMA1163', 3, '3-Loading', 'UK', ' | Modify Status: From 1-Booked To 3-Loading', '2020-08-26 15:23:16.328002', 9),
	(155, 'DCGBHX4718 ', 4, '4-Finished', 'UK', ' | Modify Status: From 3-Loading To 4-Finished', '2020-08-26 15:23:23.221106', 9),
	(156, 'DCGDCMAN4064', 4, '4-Finished', 'UK', ' | Modify Status: From 1-Booked To 4-Finished', '2020-08-26 15:23:30.020221', 9),
	(157, 'TR031', 2, '2-Arrived', 'UK', ' | Modify Status: From 1-Booked To 2-Arrived', '2020-08-26 15:23:37.626779', 9),
	(158, 'DCGRD-BHX40133', 4, '4-Finished', 'UK', ' | Modify Status: From 1-Booked To 4-Finished', '2020-08-26 15:23:44.215642', 9),
	(159, 'DCGDCG092 ', 4, '4-Finished', 'UK', ' | Modify Status: From 1-Booked To 4-Finished', '2020-08-26 15:24:00.014255', 9),
	(160, 'EXEUK5006', 1, '1-Booked', 'UK', 'Create New Booked', '2020-08-26 16:33:17.464708', 3),
	(161, 'EXMAN4024', 1, '1-Booked', 'UK', 'Create New Booked', '2020-08-26 16:33:37.749197', 3),
	(162, 'EXCWL1065', 1, '1-Booked', 'UK', 'Create New Booked', '2020-08-26 20:21:43.787794', 3),
	(163, 'EXMAN4024', 1, '1-Booked', 'UK', ' | Modify DateTime: From 2020-08-27 13:00 To 2020-08-27 12:30', '2020-08-26 20:22:29.415264', 3),
	(164, 'EXBHX4184', 1, '1-Booked', 'UK', 'Create New Booked', '2020-08-26 20:23:10.836009', 3),
	(165, 'GC0901111', 1, '1-Booked', 'UK', 'Create New Booked', '2020-08-27 06:17:56.178237', 5),
	(166, 'DCGBHX4724', 1, '1-Booked', 'UK', 'Create New Booked', '2020-08-27 07:44:03.517072', 13),
	(167, 'DCGDCG102', 1, '1-Booked', 'UK', 'Create New Booked', '2020-08-27 07:45:19.038588', 13),
	(168, 'DCGLCY2040', 1, '1-Booked', 'UK', 'Create New Booked', '2020-08-27 07:46:07.989556', 13),
	(169, 'DCGBHX40147', 4, '4-Finished', 'UK', ' | Modify Status: From 1-Booked To 4-Finished', '2020-08-27 07:46:40.961218', 9),
	(170, 'DCGDCG075 ', 1, '1-Booked', 'UK', 'Create New Booked', '2020-08-27 07:46:50.400072', 13),
	(171, 'WHX4146', 1, '1-Booked', 'UK', ' | Modify Remark: From  To P6', '2020-08-27 07:47:42.724584', 9),
	(172, 'DCGXBH1091', 1, '1-Booked', 'UK', ' | Modify Remark: From  To P3', '2020-08-27 07:47:53.003188', 9),
	(173, 'DCGEMA1024', 1, '1-Booked', 'UK', ' | Modify Remark: From  To P8', '2020-08-27 07:48:38.126798', 9),
	(174, 'DCGBHX4722', 1, '1-Booked', 'UK', ' | Modify Remark: From  To P7', '2020-08-27 07:48:51.775886', 9),
	(175, 'DCGBHX40149', 1, '1-Booked', 'UK', ' | Modify Remark: From  To P11', '2020-08-27 07:49:30.543048', 9),
	(176, 'EXMAN2020', 3, '3-Loading', 'UK', ' | Modify Status: From 1-Booked To 3-Loading', '2020-08-27 07:50:13.610675', 9),
	(177, 'SC138', 3, '3-Loading', 'UK', ' | Modify Status: From 1-Booked To 3-Loading', '2020-08-27 07:50:27.743106', 9),
	(178, 'EXMAN2020', 4, '4-Finished', 'UK', ' | Modify Status: From 3-Loading To 4-Finished', '2020-08-27 08:01:59.690291', 9),
	(179, 'SC138', 4, '4-Finished', 'UK', ' | Modify Status: From 3-Loading To 4-Finished', '2020-08-27 08:05:47.636288', 9),
	(180, 'HC079', 2, '2-Arrived', 'UK', ' | Modify Status: From 1-Booked To 2-Arrived | Modify Have Time: From 0 To 1', '2020-08-27 08:06:48.906651', 9),
	(181, 'SC111', 1, '1-Booked', 'UK', 'Create New Booked', '2020-08-27 08:12:23.137937', 6),
	(182, 'DCGDCG096', 2, '2-Arrived', 'UK', ' | Modify Status: From 1-Booked To 2-Arrived', '2020-08-27 08:22:26.434223', 9),
	(183, 'GMA086', 2, '2-Arrived', 'UK', ' | Modify Status: From 1-Booked To 2-Arrived', '2020-08-27 08:22:34.158805', 9),
	(184, 'HC079', 3, '3-Loading', 'UK', ' | Modify Status: From 2-Arrived To 3-Loading', '2020-08-27 08:22:42.646561', 9),
	(185, 'DCGBHX4012', 1, '1-Booked', 'UK', 'Create New Booked', '2020-08-27 08:25:36.467732', 13),
	(186, 'DCGXBH1091', 2, '2-Arrived', 'UK', ' | Modify Status: From 1-Booked To 2-Arrived', '2020-08-27 08:29:25.240256', 9),
	(187, 'HC079', 4, '4-Finished', 'UK', ' | Modify Status: From 3-Loading To 4-Finished', '2020-08-27 08:29:33.943574', 9),
	(188, 'DCGBHX4012  ', 1, '1-Booked', 'UK', 'Create New Booked', '2020-08-27 08:31:07.124727', 13),
	(189, 'DCGXBH1091', 3, '3-Loading', 'UK', ' | Modify Status: From 2-Arrived To 3-Loading', '2020-08-27 08:38:16.647444', 9),
	(190, 'DCGDCG096', 3, '3-Loading', 'UK', ' | Modify Status: From 2-Arrived To 3-Loading', '2020-08-27 08:38:28.075994', 9),
	(191, 'GMA086', 3, '3-Loading', 'UK', ' | Modify Status: From 2-Arrived To 3-Loading', '2020-08-27 09:06:12.871464', 9),
	(192, 'DCGXBH1091', 4, '4-Finished', 'UK', ' | Modify Status: From 3-Loading To 4-Finished', '2020-08-27 09:06:20.550641', 9),
	(193, 'DCGDCG096', 4, '4-Finished', 'UK', ' | Modify Status: From 3-Loading To 4-Finished', '2020-08-27 09:06:27.799785', 9),
	(194, 'GMA086', 4, '4-Finished', 'UK', ' | Modify Status: From 3-Loading To 4-Finished', '2020-08-27 09:25:11.827038', 9),
	(195, 'DCGBHX2152', 1, '1-Booked', 'UK', 'Create New Booked', '2020-08-27 09:27:33.335488', 13),
	(196, 'DCGBHX2028', 1, '1-Booked', 'UK', 'Create New Booked', '2020-08-27 10:11:53.035998', 13),
	(197, 'HC089', 1, '1-Booked', 'UK', 'Create New Booked', '2020-08-27 10:11:56.765955', 6),
	(198, 'GC081', 1, '1-Booked', 'UK', 'Create New Booked', '2020-08-27 10:21:09.009946', 6),
	(199, 'DCGUKDCG023868', 2, '2-Arrived', 'UK', ' | Modify Status: From 1-Booked To 2-Arrived', '2020-08-27 10:52:02.229278', 9),
	(200, 'DCGUKDCG023868', 3, '3-Loading', 'UK', ' | Modify Status: From 2-Arrived To 3-Loading', '2020-08-27 11:00:32.012746', 9),
	(201, 'GMA105', 1, '1-Booked', 'UK', 'Create New Booked', '2020-08-27 11:11:53.501381', 6),
	(202, 'DCGUKDCG023868', 4, '4-Finished', 'UK', ' | Modify Status: From 3-Loading To 4-Finished', '2020-08-27 11:14:57.012949', 9),
	(203, 'GC084', 2, '2-Arrived', 'UK', ' | Modify Status: From 1-Booked To 2-Arrived', '2020-08-27 11:22:17.425616', 9),
	(204, 'GC084', 3, '3-Loading', 'UK', ' | Modify Status: From 2-Arrived To 3-Loading', '2020-08-27 11:29:45.379526', 9),
	(205, 'DCGBRS1014', 1, '1-Booked', 'UK', 'Create New Booked', '2020-08-27 11:36:43.884098', 13),
	(206, 'BR018', 1, '1-Booked', 'UK', 'Create New Booked', '2020-08-27 11:44:16.521341', 5),
	(207, 'BR014', 1, '1-Booked', 'UK', ' | Modify DateTime: From 2020-08-28 10:30 To 2020-08-28 10:00', '2020-08-27 11:47:49.178326', 5),
	(208, 'EXMAN4024', 2, '2-Arrived', 'UK', ' | Modify Status: From 1-Booked To 2-Arrived', '2020-08-27 11:48:58.198476', 9),
	(209, 'GC084', 4, '4-Finished', 'UK', ' | Modify Status: From 3-Loading To 4-Finished', '2020-08-27 11:49:05.550728', 9),
	(210, 'DCGBHX2154 ', 1, '1-Booked', 'UK', 'Create New Booked', '2020-08-27 12:03:49.739227', 13),
	(211, 'EXCWL1065', 2, '2-Arrived', 'UK', ' | Modify Status: From 1-Booked To 2-Arrived', '2020-08-27 12:04:45.506783', 9),
	(212, 'SC107', 2, '2-Arrived', 'UK', ' | Modify Status: From 1-Booked To 2-Arrived', '2020-08-27 12:05:23.535167', 9),
	(213, 'WHX4146', 2, '2-Arrived', 'UK', ' | Modify Status: From 1-Booked To 2-Arrived', '2020-08-27 12:05:39.856898', 9),
	(214, 'DCGDCG098', 3, '3-Loading', 'UK', ' | Modify Status: From 1-Booked To 3-Loading', '2020-08-27 12:12:34.679175', 9),
	(215, 'DCGLBA2082', 4, '4-Finished', 'UK', ' | Modify Status: From 1-Booked To 4-Finished', '2020-08-27 13:18:33.600525', 9),
	(216, 'EXMAN4024', 4, '4-Finished', 'UK', ' | Modify Status: From 2-Arrived To 4-Finished', '2020-08-27 13:18:42.173942', 9),
	(217, 'WHX4146', 4, '4-Finished', 'UK', ' | Modify Status: From 2-Arrived To 4-Finished', '2020-08-27 13:18:53.897301', 9),
	(218, 'DCGDCG098', 4, '4-Finished', 'UK', ' | Modify Status: From 3-Loading To 4-Finished', '2020-08-27 13:19:32.764388', 9),
	(219, 'DCGLBA2084', 1, '1-Booked', 'UK', 'Create Booked', '2020-08-27 13:30:36.619061', 13),
	(220, 'EXCWL1065', 4, '4-Finished', 'UK', ' | Modify Status: From 2-Arrived To 4-Finished', '2020-08-27 13:57:28.892790', 9),
	(221, 'SC107', 3, '3-Loading', 'UK', ' | Modify Status: From 2-Arrived To 3-Loading', '2020-08-27 13:57:39.244518', 9),
	(222, 'DCGRD-BHX4720', 1, '1-Booked', 'UK', 'Create Booked', '2020-08-27 13:58:40.495681', 13),
	(223, 'GC081', 2, '2-Arrived', 'UK', ' | Modify Status: From 1-Booked To 2-Arrived', '2020-08-27 14:01:21.270737', 9),
	(224, 'HC081', 2, '2-Arrived', 'UK', ' | Modify Status: From 1-Booked To 2-Arrived | Modify Have Time: From 0 To 1', '2020-08-27 14:05:48.705953', 9),
	(225, 'EXXBH1020', 1, '1-Booked', 'UK', 'Create Booked', '2020-08-27 14:21:30.804527', 3),
	(226, 'GC081', 3, '3-Loading', 'UK', ' | Modify Status: From 2-Arrived To 3-Loading', '2020-08-27 14:21:42.730213', 9),
	(227, 'DCGBHX40149', 2, '2-Arrived', 'UK', ' | Modify Status: From 1-Booked To 2-Arrived', '2020-08-27 14:21:53.207936', 9),
	(228, 'SC107', 4, '4-Finished', 'UK', ' | Modify Status: From 3-Loading To 4-Finished', '2020-08-27 14:22:04.275199', 9),
	(229, 'DCGBHX4726', 1, '1-Booked', 'UK', 'Create Booked', '2020-08-27 14:23:38.901062', 16),
	(230, 'DCGBHX40149', 3, '3-Loading', 'UK', ' | Modify Status: From 2-Arrived To 3-Loading', '2020-08-27 14:38:35.289902', 9),
	(231, 'HC081', 3, '3-Loading', 'UK', ' | Modify Status: From 2-Arrived To 3-Loading', '2020-08-27 14:38:42.742832', 9),
	(232, 'GC081', 4, '4-Finished', 'UK', ' | Modify Status: From 3-Loading To 4-Finished', '2020-08-27 14:38:48.394687', 9),
	(233, 'DCGBHX40149', 4, '4-Finished', 'UK', ' | Modify Status: From 3-Loading To 4-Finished', '2020-08-27 15:10:20.238848', 9),
	(234, 'HC081', 4, '4-Finished', 'UK', ' | Modify Status: From 3-Loading To 4-Finished', '2020-08-27 15:10:27.847290', 9),
	(235, 'WBHX4285', 3, '3-Loading', 'UK', ' | Modify Status: From 1-Booked To 3-Loading', '2020-08-27 15:10:35.637121', 9),
	(236, 'WBHX4285', 4, '4-Finished', 'UK', ' | Modify Status: From 3-Loading To 4-Finished', '2020-08-27 15:37:03.519434', 9),
	(237, 'DCGDCG100', 3, '3-Loading', 'UK', ' | Modify Status: From 1-Booked To 3-Loading', '2020-08-27 15:37:16.675851', 9),
	(238, 'DCGEMA1024', 3, '3-Loading', 'UK', ' | Modify Status: From 1-Booked To 3-Loading', '2020-08-27 15:37:28.219801', 9),
	(239, 'DCGEMA1024', 4, '4-Finished', 'UK', ' | Modify Status: From 3-Loading To 4-Finished', '2020-08-27 16:13:02.443470', 9),
	(240, 'DCGDCG100', 4, '4-Finished', 'UK', ' | Modify Status: From 3-Loading To 4-Finished', '2020-08-27 16:13:09.053791', 9),
	(241, 'EXMAN3012', 1, '1-Booked', 'UK', 'Create Booked', '2020-08-27 21:46:10.006696', 3),
	(242, 'DCGLCY2040', 3, '3-Loading', 'UK', ' | Modify Status: From 1-Booked To 3-Loading', '2020-08-28 07:39:53.907645', 9),
	(243, 'DCGBHX4724', 4, '4-Finished', 'UK', ' | Modify Status: From 1-Booked To 4-Finished', '2020-08-28 07:42:11.115231', 9),
	(244, 'GMA088', 2, '2-Arrived', 'UK', ' | Modify Status: From 1-Booked To 2-Arrived', '2020-08-28 07:49:36.627548', 9),
	(245, 'HC091', 1, '1-Booked', 'UK', 'Create Booked', '2020-08-28 07:52:00.721749', 6),
	(246, 'SC113', 1, '1-Booked', 'UK', 'Create Booked', '2020-08-28 08:06:41.508960', 6),
	(247, 'SC109', 2, '2-Arrived', 'UK', ' | Modify Status: From 1-Booked To 2-Arrived', '2020-08-28 08:07:19.938996', 9),
	(248, 'DCGLCY2040', 4, '4-Finished', 'UK', ' | Modify Status: From 3-Loading To 4-Finished', '2020-08-28 08:07:26.958768', 9),
	(249, 'SC109', 3, '3-Loading', 'UK', ' | Modify Status: From 2-Arrived To 3-Loading', '2020-08-28 08:09:23.363774', 9),
	(250, 'GMA088', 3, '3-Loading', 'UK', ' | Modify Status: From 2-Arrived To 3-Loading', '2020-08-28 08:09:36.111257', 9),
	(251, 'GC085', 1, '1-Booked', 'UK', 'Create Booked', '2020-08-28 08:11:22.134276', 6),
	(252, 'GC087', 1, '1-Booked', 'UK', 'Create Booked', '2020-08-28 08:11:42.777752', 6),
	(253, 'GMA107', 1, '1-Booked', 'UK', 'Create Booked', '2020-08-28 08:15:27.951321', 6),
	(254, 'DCGBHX4014', 1, '1-Booked', 'UK', 'Create Booked', '2020-08-28 08:26:29.325094', 13),
	(255, 'EXEMA1014', 2, '2-Arrived', 'UK', ' | Modify Status: From 1-Booked To 2-Arrived', '2020-08-28 09:23:42.175644', 9),
	(256, 'GMA105', 2, '2-Arrived', 'UK', ' | Modify Status: From 1-Booked To 2-Arrived', '2020-08-28 09:24:44.235506', 9),
	(257, 'SC109', 4, '4-Finished', 'UK', ' | Modify Status: From 3-Loading To 4-Finished', '2020-08-28 09:26:46.098487', 9),
	(258, 'GMA088', 4, '4-Finished', 'UK', ' | Modify Status: From 3-Loading To 4-Finished', '2020-08-28 09:26:55.089673', 9),
	(259, 'EXEMA1014', 3, '3-Loading', 'UK', ' | Modify Status: From 2-Arrived To 3-Loading', '2020-08-28 09:27:12.479281', 9),
	(260, 'EXBHX4184', 2, '2-Arrived', 'UK', ' | Modify Status: From 1-Booked To 2-Arrived', '2020-08-28 09:37:35.287001', 9),
	(261, 'EXEMA1014', 4, '4-Finished', 'UK', ' | Modify Status: From 3-Loading To 4-Finished', '2020-08-28 09:48:36.656938', 9),
	(262, 'DCGBHX4016', 1, '1-Booked', 'UK', 'Create Booked', '2020-08-28 09:52:41.203931', 13),
	(263, 'EXBHX4184', 3, '3-Loading', 'UK', ' | Modify Status: From 2-Arrived To 3-Loading', '2020-08-28 09:59:34.855099', 9),
	(264, 'GMA105', 3, '3-Loading', 'UK', ' | Modify Status: From 2-Arrived To 3-Loading', '2020-08-28 09:59:46.561455', 9),
	(265, 'GMA103', 2, '2-Arrived', 'UK', ' | Modify Status: From 1-Booked To 2-Arrived', '2020-08-28 09:59:58.522479', 9),
	(266, 'DCGBHX2028', 2, '2-Arrived', 'UK', ' | Modify Status: From 1-Booked To 2-Arrived', '2020-08-28 10:00:18.378158', 9),
	(267, 'BR014', 2, '2-Arrived', 'UK', ' | Modify Status: From 1-Booked To 2-Arrived', '2020-08-28 10:13:52.985856', 9),
	(268, 'EXBHX4184', 4, '4-Finished', 'UK', ' | Modify Status: From 3-Loading To 4-Finished', '2020-08-28 10:21:19.047737', 9),
	(269, 'GMA105', 4, '4-Finished', 'UK', ' | Modify Status: From 3-Loading To 4-Finished', '2020-08-28 10:21:25.603664', 9),
	(270, 'DCGBHX2028', 3, '3-Loading', 'UK', ' | Modify Status: From 2-Arrived To 3-Loading', '2020-08-28 10:21:32.162754', 9),
	(271, 'SC142', 1, '1-Booked', 'UK', 'Create Booked', '2020-08-28 10:51:55.573898', 5),
	(272, 'SC144', 1, '1-Booked', 'UK', 'Create Booked', '2020-08-28 10:52:14.128703', 5),
	(273, 'DCGBHX4730', 1, '1-Booked', 'UK', 'Create Booked', '2020-08-28 10:52:34.116509', 13),
	(274, 'TR024', 1, '1-Booked', 'UK', ' | Modify DateTime: From 2020-08-27 10:00 To 2020-09-01 10:30', '2020-08-28 10:52:58.624263', 5),
	(275, 'DCGBHX4728', 1, '1-Booked', 'UK', 'Create Booked', '2020-08-28 10:55:11.848540', 13),
	(276, 'GMA090', 1, '1-Booked', 'UK', 'Create Booked', '2020-08-28 11:00:13.449574', 5),
	(277, 'HC066', 1, '1-Booked', 'UK', 'Create Booked', '2020-08-28 11:00:44.570842', 5),
	(278, 'DCGBHX4732', 1, '1-Booked', 'UK', 'Create Booked', '2020-08-28 11:01:27.364497', 13),
	(279, 'DCGBHX2028', 4, '4-Finished', 'UK', ' | Modify Status: From 3-Loading To 4-Finished', '2020-08-28 11:06:53.748286', 9),
	(280, 'GMA103', 4, '4-Finished', 'UK', ' | Modify Status: From 2-Arrived To 4-Finished', '2020-08-28 11:07:12.755173', 9),
	(281, 'DCGBHX1002', 1, '1-Booked', 'UK', 'Create Booked', '2020-08-28 11:13:50.173773', 13),
	(282, 'DCGBHX4018', 1, '1-Booked', 'UK', 'Create Booked', '2020-08-28 11:49:29.684081', 13),
	(283, 'DCGBHX2030', 1, '1-Booked', 'UK', 'Create Booked', '2020-08-28 12:49:52.698967', 13),
	(284, 'BR014', 4, '4-Finished', 'UK', ' | Modify Status: From 2-Arrived To 4-Finished', '2020-08-28 13:04:12.668605', 9),
	(285, 'DCGBHX4012', 3, '3-Loading', 'UK', ' | Modify Status: From 1-Booked To 3-Loading', '2020-08-28 13:05:58.342882', 9),
	(286, 'DCGBHX4012  ', 3, '3-Loading', 'UK', ' | Modify Status: From 1-Booked To 3-Loading', '2020-08-28 13:06:18.957753', 9),
	(287, 'DCGBHX4012', 4, '4-Finished', 'UK', ' | Modify Status: From 3-Loading To 4-Finished', '2020-08-28 13:21:36.574834', 9),
	(288, 'DCGBHX4012  ', 4, '4-Finished', 'UK', ' | Modify Status: From 3-Loading To 4-Finished', '2020-08-28 13:21:42.607351', 9),
	(289, 'BR018', 3, '3-Loading', 'UK', ' | Modify Status: From 1-Booked To 3-Loading', '2020-08-28 14:53:28.983064', 9),
	(290, 'HC085', 2, '2-Arrived', 'UK', ' | Modify Status: From 1-Booked To 2-Arrived | Modify Have Time: From 0 To 1', '2020-08-28 14:57:23.802405', 9),
	(291, 'EXBHX2048', 1, '1-Booked', 'UK', 'Create Booked', '2020-08-28 15:08:22.334446', 3),
	(292, 'EXBHX1016', 1, '1-Booked', 'UK', 'Create Booked', '2020-08-28 15:08:41.872647', 3),
	(293, 'BR018', 4, '4-Finished', 'UK', ' | Modify Status: From 3-Loading To 4-Finished', '2020-08-28 15:41:15.508673', 9),
	(294, 'DCGBHX4020', 1, '1-Booked', 'UK', 'Create Booked', '2020-08-28 15:59:16.251991', 13),
	(295, 'HC085', 3, '3-Loading', 'UK', ' | Modify Status: From 2-Arrived To 3-Loading', '2020-08-28 16:03:22.011458', 9),
	(296, 'BR016', 2, '2-Arrived', 'UK', ' | Modify Status: From 1-Booked To 2-Arrived', '2020-08-28 16:03:42.546666', 9),
	(297, 'DCGBHX2152', 3, '3-Loading', 'UK', ' | Modify Status: From 1-Booked To 3-Loading', '2020-08-28 16:04:13.685605', 9),
	(298, 'HC085', 4, '4-Finished', 'UK', ' | Modify Status: From 3-Loading To 4-Finished', '2020-08-28 16:20:31.498648', 9),
	(299, 'DCGBHX2152', 4, '4-Finished', 'UK', ' | Modify Status: From 3-Loading To 4-Finished', '2020-08-28 16:20:38.291772', 9),
	(300, 'EXMME1012', 1, '1-Booked', 'UK', 'Create Booked', '2020-08-30 16:16:53.314409', 3),
	(301, 'GMA107', 1, '1-Booked', 'UK', ' | Modify DateTime: From 2020-09-01 11:00 To 2020-09-02 11:00', '2020-08-31 07:29:10.119743', 6),
	(302, 'SC113', 1, '1-Booked', 'UK', ' | Modify DateTime: From 2020-09-01 08:30 To 2020-09-02 08:30', '2020-08-31 07:29:26.676407', 6),
	(303, 'HC093', 1, '1-Booked', 'UK', 'Create Booked', '2020-08-31 07:30:08.103612', 6),
	(304, 'GC089', 1, '1-Booked', 'UK', 'Create Booked', '2020-08-31 07:30:42.762398', 6),
	(305, 'GC091', 1, '1-Booked', 'UK', 'Create Booked', '2020-08-31 07:31:28.045489', 6),
	(306, 'TR035', 1, '1-Booked', 'UK', 'Create Booked', '2020-08-31 07:32:21.178833', 6),
	(307, 'HC095', 1, '1-Booked', 'UK', 'Create Booked', '2020-08-31 08:05:59.731107', 6),
	(308, 'TR033', 1, '1-Booked', 'UK', 'Create Booked', '2020-08-31 09:50:12.543059', 6),
	(309, 'GMA109', 1, '1-Booked', 'UK', 'Create Booked', '2020-08-31 10:29:49.034386', 6),
	(310, 'HC064', 1, '1-Booked', 'UK', 'Create Booked', '2020-08-31 11:34:15.323786', 5),
	(311, 'SC142', 1, '1-Booked', 'UK', ' | Modify DateTime: From 2020-09-01 14:30 To 2020-09-01 08:30', '2020-08-31 11:36:20.480182', 5),
	(312, 'SC144', 1, '1-Booked', 'UK', ' | Modify DateTime: From 2020-09-01 18:00 To 2020-09-01 14:30', '2020-08-31 11:36:42.344647', 5),
	(313, 'DCGBHX4022', 1, '1-Booked', 'UK', 'Create Booked', '2020-09-01 04:07:02.014601', 13),
	(314, 'GMA090', 1, '1-Booked', 'UK', ' | Modify Have Time: From 1 To 0', '2020-09-01 07:25:23.618612', 5),
	(315, 'DCGBHX4018', 1, '1-Booked', 'UK', ' | Modify Remark: From  To P9', '2020-09-01 07:39:10.735229', 9),
	(316, 'EXBHX2048', 1, '1-Booked', 'UK', ' | Modify Remark: From  To P5', '2020-09-01 07:39:20.056473', 9),
	(317, 'DCGBHX4732', 1, '1-Booked', 'UK', ' | Modify Remark: From  To P8', '2020-09-01 07:40:09.318988', 9),
	(318, 'DCGBHX4020', 1, '1-Booked', 'UK', ' | Modify Remark: From  To W0', '2020-09-01 07:40:24.891971', 9),
	(319, 'EXMAN3012', 1, '1-Booked', 'UK', ' | Modify Remark: From  To P4', '2020-09-01 07:41:07.423964', 9),
	(320, 'DCGBHX4728', 1, '1-Booked', 'UK', ' | Modify Remark: From  To P1', '2020-09-01 07:41:26.059755', 9),
	(321, 'DCGBHX1002', 1, '1-Booked', 'UK', ' | Modify Remark: From  To P6', '2020-09-01 07:41:36.489383', 9),
	(322, 'DCGBHX2030', 1, '1-Booked', 'UK', ' | Modify Remark: From  To DPD', '2020-09-01 07:41:56.838690', 9),
	(323, 'HC091', 1, '1-Booked', 'UK', ' | Modify DateTime: From 2021-09-01 15:00 To 2020-09-01 15:00', '2020-09-01 08:13:05.131455', 6),
	(324, 'DCGBHX4018', 2, '2-Arrived', 'UK', ' | Modify Status: From 1-Booked To 2-Arrived', '2020-09-01 08:13:49.887490', 9),
	(325, 'DCGBHX4728', 3, '3-Loading', 'UK', ' | Modify Status: From 1-Booked To 3-Loading', '2020-09-01 08:13:58.073706', 9),
	(326, 'EXMAN3012', 2, '2-Arrived', 'UK', ' | Modify Status: From 1-Booked To 2-Arrived', '2020-09-01 08:14:09.493219', 9),
	(327, 'TR035', 1, '1-Booked', 'UK', ' | Modify DateTime: From 2020-09-02 09:00 To 2020-09-02 15:30', '2020-09-01 08:33:47.313224', 6),
	(328, 'DCGBHX4728', 4, '4-Finished', 'UK', ' | Modify Status: From 3-Loading To 4-Finished', '2020-09-01 08:42:04.209608', 9),
	(329, 'EXMAN3012', 3, '3-Loading', 'UK', ' | Modify Status: From 2-Arrived To 3-Loading', '2020-09-01 08:42:22.742969', 9),
	(330, 'DCGBHX4018', 3, '3-Loading', 'UK', ' | Modify Status: From 2-Arrived To 3-Loading', '2020-09-01 08:42:37.138869', 9),
	(331, 'TR024', 2, '2-Arrived', 'UK', ' | Modify Status: From 1-Booked To 2-Arrived', '2020-09-01 08:44:29.336822', 9),
	(332, 'DCGMAN4066', 1, '1-Booked', 'UK', 'Create Booked', '2020-09-01 08:49:33.312752', 13),
	(333, 'DCGBHX4734', 1, '1-Booked', 'UK', 'Create Booked', '2020-09-01 08:50:28.952193', 13),
	(334, 'DCGEMA1026', 1, '1-Booked', 'UK', 'Create Booked', '2020-09-01 08:51:51.271033', 13),
	(335, 'DCGMAN4006', 1, '1-Booked', 'UK', 'Create Booked', '2020-09-01 08:52:32.439615', 13),
	(336, 'TR037', 1, '1-Booked', 'UK', 'Create Booked', '2020-09-01 09:00:08.456723', 6),
	(337, 'GC093', 1, '1-Booked', 'UK', 'Create Booked', '2020-09-01 09:00:31.211223', 6),
	(338, 'SC115', 1, '1-Booked', 'UK', 'Create Booked', '2020-09-01 09:01:29.973047', 6),
	(339, 'GC095', 1, '1-Booked', 'UK', 'Create Booked', '2020-09-01 09:02:02.660559', 6),
	(340, 'EXMAN3012', 4, '4-Finished', 'UK', ' | Modify Status: From 3-Loading To 4-Finished', '2020-09-01 09:15:09.059220', 9),
	(341, 'DCGBHX4018', 4, '4-Finished', 'UK', ' | Modify Status: From 3-Loading To 4-Finished', '2020-09-01 09:15:15.432360', 9),
	(342, 'DCGMAN4004', 1, '1-Booked', 'UK', 'Create Booked', '2020-09-01 09:18:09.328120', 13),
	(343, 'EXBHX2048', 2, '2-Arrived', 'UK', ' | Modify Status: From 1-Booked To 2-Arrived', '2020-09-01 09:35:45.686944', 9),
	(344, 'GMA090', 2, '2-Arrived', 'UK', ' | Modify Status: From 1-Booked To 2-Arrived | Modify Have Time: From 0 To 1', '2020-09-01 09:36:22.079013', 9),
	(345, 'TR024', 4, '4-Finished', 'UK', ' | Modify Status: From 2-Arrived To 4-Finished', '2020-09-01 09:42:00.860110', 9),
	(346, 'DCGBHX40151', 1, '1-Booked', 'UK', 'Create Booked', '2020-09-01 10:17:42.820132', 13),
	(347, 'GMA090', 3, '3-Loading', 'UK', ' | Modify Status: From 2-Arrived To 3-Loading', '2020-09-01 10:18:27.977937', 9),
	(348, 'EXBHX2048', 3, '3-Loading', 'UK', ' | Modify Status: From 2-Arrived To 3-Loading', '2020-09-01 10:18:34.926144', 9),
	(349, 'DCGBHX1002', 3, '3-Loading', 'UK', ' | Modify Status: From 1-Booked To 3-Loading', '2020-09-01 10:36:57.043508', 9),
	(350, 'GMA090', 4, '4-Finished', 'UK', ' | Modify Status: From 3-Loading To 4-Finished', '2020-09-01 10:37:06.615174', 9),
	(351, 'EXBHX2048', 4, '4-Finished', 'UK', ' | Modify Status: From 3-Loading To 4-Finished', '2020-09-01 10:37:11.825808', 9),
	(352, 'HC066', 4, '4-Finished', 'UK', ' | Modify Status: From 1-Booked To 4-Finished', '2020-09-01 10:38:15.731457', 9),
	(353, 'GC097', 1, '1-Booked', 'UK', 'Create Booked', '2020-09-01 10:40:20.074375', 6),
	(354, 'DCGBHX40151', 1, '1-Booked', 'UK', 'Create Booked', '2020-09-01 10:42:16.440396', 13),
	(355, 'DCGBHX40153', 1, '1-Booked', 'UK', 'Create Booked', '2020-09-01 10:44:54.126158', 13),
	(356, 'IM01', 1, '1-Booked', 'UK', 'Create Booked', '2020-09-01 10:55:22.341324', 6),
	(357, 'GC085', 2, '2-Arrived', 'UK', ' | Modify Status: From 1-Booked To 2-Arrived', '2020-09-01 10:56:34.411336', 9),
	(358, 'DCGBHX1002', 4, '4-Finished', 'UK', ' | Modify Status: From 3-Loading To 4-Finished', '2020-09-01 11:00:00.390829', 9),
	(359, 'HC091', 2, '2-Arrived', 'UK', ' | Modify Status: From 1-Booked To 2-Arrived', '2020-09-01 11:00:26.311355', 9),
	(360, 'HC091', 3, '3-Loading', 'UK', ' | Modify Status: From 2-Arrived To 3-Loading', '2020-09-01 11:18:09.511014', 9),
	(361, 'GC085', 4, '4-Finished', 'UK', ' | Modify Status: From 2-Arrived To 4-Finished', '2020-09-01 12:28:49.359158', 9),
	(362, 'HC091', 4, '4-Finished', 'UK', ' | Modify Status: From 3-Loading To 4-Finished', '2020-09-01 12:28:55.894838', 9),
	(363, 'TR033', 3, '3-Loading', 'UK', ' | Modify Status: From 1-Booked To 3-Loading', '2020-09-01 12:29:24.307077', 9),
	(364, 'SC142', 2, '2-Arrived', 'UK', ' | Modify Status: From 1-Booked To 2-Arrived', '2020-09-01 12:44:22.551620', 9),
	(365, 'DCGBHX4022', 3, '3-Loading', 'UK', ' | Modify Status: From 1-Booked To 3-Loading', '2020-09-01 12:44:38.378148', 9),
	(366, 'DCGBHX2030', 2, '2-Arrived', 'UK', ' | Modify Status: From 1-Booked To 2-Arrived', '2020-09-01 12:44:56.516787', 9),
	(367, 'GC087', 2, '2-Arrived', 'UK', ' | Modify Status: From 1-Booked To 2-Arrived', '2020-09-01 12:54:14.394998', 9),
	(368, 'TR033', 4, '4-Finished', 'UK', ' | Modify Status: From 3-Loading To 4-Finished', '2020-09-01 12:54:22.075493', 9),
	(369, 'SC142', 3, '3-Loading', 'UK', ' | Modify Status: From 2-Arrived To 3-Loading', '2020-09-01 13:19:48.493992', 9),
	(370, 'DCGBHX4022', 4, '4-Finished', 'UK', ' | Modify Status: From 3-Loading To 4-Finished', '2020-09-01 13:20:02.198280', 9),
	(371, 'DCGBHX4732', 2, '2-Arrived', 'UK', ' | Modify Status: From 1-Booked To 2-Arrived', '2020-09-01 13:20:13.743869', 9),
	(372, 'GC087', 3, '3-Loading', 'UK', ' | Modify Status: From 2-Arrived To 3-Loading', '2020-09-01 13:58:41.628428', 9),
	(373, 'DCGBHX4732', 3, '3-Loading', 'UK', ' | Modify Status: From 2-Arrived To 3-Loading', '2020-09-01 13:58:51.923394', 9),
	(374, 'SC142', 4, '4-Finished', 'UK', ' | Modify Status: From 3-Loading To 4-Finished', '2020-09-01 13:59:08.191575', 9),
	(375, 'HC064', 2, '2-Arrived', 'UK', ' | Modify Status: From 1-Booked To 2-Arrived | Modify Have Time: From 0 To 1', '2020-09-01 14:00:07.242905', 9),
	(376, 'GMA092', 1, '1-Booked', 'UK', 'Create Booked', '2020-09-01 14:26:13.028829', 5),
	(377, 'DCGBHX4732', 4, '4-Finished', 'UK', ' | Modify Status: From 3-Loading To 4-Finished', '2020-09-01 14:39:49.842957', 9),
	(378, 'GC087', 4, '4-Finished', 'UK', ' | Modify Status: From 3-Loading To 4-Finished', '2020-09-01 14:40:06.301175', 9),
	(379, 'HC089', 2, '2-Arrived', 'UK', ' | Modify Status: From 1-Booked To 2-Arrived', '2020-09-01 15:27:08.752040', 9),
	(380, 'SC144', 2, '2-Arrived', 'UK', ' | Modify Status: From 1-Booked To 2-Arrived', '2020-09-01 15:27:14.563154', 9),
	(381, 'HC089', 4, '4-Finished', 'UK', ' | Modify Status: From 2-Arrived To 4-Finished', '2020-09-01 16:13:40.614937', 9),
	(382, 'DCGBHX2030', 4, '4-Finished', 'UK', ' | Modify Status: From 2-Arrived To 4-Finished', '2020-09-01 16:13:47.063013', 9),
	(383, 'SC144', 3, '3-Loading', 'UK', ' | Modify Status: From 2-Arrived To 3-Loading', '2020-09-01 16:24:09.948385', 9),
	(384, 'SC146', 1, '1-Booked', 'UK', 'Create Booked', '2020-09-02 03:39:39.054869', 5),
	(385, 'HC068', 1, '1-Booked', 'UK', 'Create Booked', '2020-09-02 03:48:52.989904', 5),
	(386, 'HC074', 1, '1-Booked', 'UK', 'Create Booked', '2020-09-02 03:49:32.086445', 5),
	(387, 'DCGDCG104', 1, '1-Booked', 'UK', 'Create Booked', '2020-09-02 05:07:58.293747', 13),
	(388, 'SC113', 3, '3-Loading', 'UK', ' | Modify Status: From 1-Booked To 3-Loading', '2020-09-02 07:47:02.931734', 9),
	(389, 'GMA092', 3, '3-Loading', 'UK', ' | Modify Status: From 1-Booked To 3-Loading | Modify Have Time: From 0 To 1', '2020-09-02 08:13:33.317789', 9),
	(390, 'SC113', 4, '4-Finished', 'UK', ' | Modify Status: From 3-Loading To 4-Finished', '2020-09-02 08:13:52.655676', 9),
	(391, 'DCGBHX40155', 1, '1-Booked', 'UK', 'Create Booked', '2020-09-02 08:18:38.847771', 13),
	(392, 'GMA092', 4, '4-Finished', 'UK', ' | Modify Status: From 3-Loading To 4-Finished', '2020-09-02 08:29:21.280097', 9),
	(393, 'DCGBHX4736', 1, '1-Booked', 'UK', 'Create Booked', '2020-09-02 09:45:07.106639', 13),
	(394, 'DCGBHX4738', 1, '1-Booked', 'UK', 'Create Booked', '2020-09-02 09:48:51.020553', 13),
	(395, 'DCGLBA1085', 1, '1-Booked', 'UK', 'Create Booked', '2020-09-02 09:58:51.900806', 13),
	(396, 'DCGBHX4740', 1, '1-Booked', 'UK', 'Create Booked', '2020-09-02 10:03:19.668286', 13),
	(397, 'SC117', 1, '1-Booked', 'UK', 'Create Booked', '2020-09-02 10:08:45.101905', 6),
	(398, 'GMA111', 1, '1-Booked', 'UK', 'Create Booked', '2020-09-02 10:09:11.114478', 6),
	(399, 'GMA107', 3, '3-Loading', 'UK', ' | Modify Status: From 1-Booked To 3-Loading', '2020-09-02 10:40:53.908356', 9),
	(400, 'DCGLCY2002', 1, '1-Booked', 'UK', 'Create Booked', '2020-09-02 12:04:21.681181', 13),
	(401, 'DCGLBA2086', 1, '1-Booked', 'UK', 'Create Booked', '2020-09-02 12:24:07.685225', 13),
	(402, 'DCGBHX2050', 1, '1-Booked', 'UK', 'Create Booked', '2020-09-02 12:26:21.376264', 3),
	(403, 'EXMAN1012', 1, '1-Booked', 'UK', 'Create Booked', '2020-09-02 12:26:44.861989', 3),
	(404, 'EXBHX1016', 4, '4-Finished', 'UK', ' | Modify Status: From 1-Booked To 4-Finished', '2020-09-02 13:08:54.905117', 9),
	(405, 'DCGEMA1026', 4, '4-Finished', 'UK', ' | Modify Status: From 1-Booked To 4-Finished', '2020-09-02 13:09:01.290777', 9),
	(406, 'DCGBHX40151', 4, '4-Finished', 'UK', ' | Modify Status: From 1-Booked To 4-Finished', '2020-09-02 13:09:05.521281', 9),
	(407, 'DCGMAN4066', 3, '3-Loading', 'UK', ' | Modify Status: From 1-Booked To 3-Loading', '2020-09-02 13:11:53.103262', 9),
	(408, 'GMA107', 4, '4-Finished', 'UK', ' | Modify Status: From 3-Loading To 4-Finished', '2020-09-02 13:19:59.325357', 9),
	(409, 'DCGMAN4006', 4, '4-Finished', 'UK', ' | Modify Status: From 1-Booked To 4-Finished', '2020-09-02 13:20:13.835048', 9),
	(410, 'SC146', 3, '3-Loading', 'UK', ' | Modify Status: From 1-Booked To 3-Loading', '2020-09-02 13:20:23.491673', 9),
	(411, 'DCGBHX40153', 3, '3-Loading', 'UK', ' | Modify Status: From 1-Booked To 3-Loading', '2020-09-02 13:20:29.471674', 9),
	(412, 'DCGMAN4066', 4, '4-Finished', 'UK', ' | Modify Status: From 3-Loading To 4-Finished', '2020-09-02 13:20:44.988290', 9),
	(413, 'TR026', 1, '1-Booked', 'UK', 'Create Booked', '2020-09-02 13:25:43.688188', 5),
	(414, 'HC070', 1, '1-Booked', 'UK', 'Create Booked', '2020-09-02 13:28:24.864643', 5),
	(415, 'HC072', 1, '1-Booked', 'UK', 'Create Booked', '2020-09-02 13:28:52.218176', 5),
	(416, 'GC089', 2, '2-Arrived', 'UK', ' | Modify Status: From 1-Booked To 2-Arrived', '2020-09-02 13:48:59.098690', 9),
	(417, 'DCGBHX40153', 4, '4-Finished', 'UK', ' | Modify Status: From 3-Loading To 4-Finished', '2020-09-02 13:49:04.206894', 9),
	(418, 'SC146', 4, '4-Finished', 'UK', ' | Modify Status: From 3-Loading To 4-Finished', '2020-09-02 13:49:12.617252', 9),
	(419, 'GC089', 3, '3-Loading', 'UK', ' | Modify Status: From 2-Arrived To 3-Loading', '2020-09-02 13:55:46.603406', 9),
	(420, 'GC091', 2, '2-Arrived', 'UK', ' | Modify Status: From 1-Booked To 2-Arrived', '2020-09-02 13:55:55.933033', 9),
	(421, 'GC089', 4, '4-Finished', 'UK', ' | Modify Status: From 3-Loading To 4-Finished', '2020-09-02 14:31:42.804726', 9),
	(422, 'GC091', 3, '3-Loading', 'UK', ' | Modify Status: From 2-Arrived To 3-Loading', '2020-09-02 14:31:55.198721', 9),
	(423, 'EXMME1012', 3, '3-Loading', 'UK', ' | Modify Status: From 1-Booked To 3-Loading', '2020-09-02 14:32:02.253734', 9),
	(424, 'HC064', 5, '5-Abnormal', 'UK', ' | Modify Status: From 2-Arrived To 5-Abnormal', '2020-09-02 14:43:37.024105', 9),
	(425, 'GC091', 4, '4-Finished', 'UK', ' | Modify Status: From 3-Loading To 4-Finished', '2020-09-02 14:47:44.371809', 9),
	(426, 'EXMME1012', 4, '4-Finished', 'UK', ' | Modify Status: From 3-Loading To 4-Finished', '2020-09-02 14:47:50.446738', 9),
	(427, 'TR035', 3, '3-Loading', 'UK', ' | Modify Status: From 1-Booked To 3-Loading', '2020-09-02 14:47:57.302124', 9),
	(428, 'DCGBHX4734', 3, '3-Loading', 'UK', ' | Modify Status: From 1-Booked To 3-Loading', '2020-09-02 14:48:03.974965', 9),
	(429, 'HC093', 2, '2-Arrived', 'UK', ' | Modify Status: From 1-Booked To 2-Arrived', '2020-09-02 14:48:11.802284', 9),
	(430, 'HC095', 2, '2-Arrived', 'UK', ' | Modify Status: From 1-Booked To 2-Arrived', '2020-09-02 14:48:17.595459', 9),
	(431, 'HC064', 1, '1-Booked', 'UK', ' | Modify Status: From 5-Abnormal To 1-Booked', '2020-09-02 14:48:54.076052', 9),
	(432, 'HC064', 5, '5-Abnormal', 'UK', ' | Modify Status: From 1-Booked To 5-Abnormal', '2020-09-02 14:52:40.071096', 7),
	(433, 'HC064', 1, '1-Booked', 'UK', ' | Modify Status: From 5-Abnormal To 1-Booked', '2020-09-02 14:53:22.802719', 7),
	(434, 'HC064', 1, '1-Booked', 'UK', ' | Modify DateTime: From 2020-09-01 08:00 To 2025-09-03 08:00', '2020-09-02 14:57:53.453307', 5),
	(435, 'DCGBHX4014', 4, '4-Finished', 'UK', ' | Modify Status: From 1-Booked To 4-Finished', '2020-09-02 14:59:11.798459', 7),
	(436, 'HC074', 1, '1-Booked', 'UK', ' | Modify Have Time: From 0 To 1 | Modify DateTime: From 2020-09-03 08:00 To 2020-09-04 08:00', '2020-09-02 14:59:35.336506', 5),
	(437, 'EXBHX4186', 1, '1-Booked', 'UK', 'Create Booked', '2020-09-02 14:59:42.919457', 3),
	(438, 'WMAN4024', 1, '1-Booked', 'UK', 'Create Booked', '2020-09-02 15:00:11.539316', 3),
	(439, 'DCGBHX4016', 4, '4-Finished', 'UK', ' | Modify Status: From 1-Booked To 4-Finished', '2020-09-02 15:00:16.273388', 7),
	(440, 'DCGBHX4730', 4, '4-Finished', 'UK', ' | Modify Status: From 1-Booked To 4-Finished', '2020-09-02 15:00:32.107400', 7),
	(441, 'WMAN2016', 1, '1-Booked', 'UK', 'Create Booked', '2020-09-02 15:01:08.826462', 3),
	(442, 'WBHX2020', 4, '4-Finished', 'UK', ' | Modify Status: From 1-Booked To 4-Finished', '2020-09-02 15:01:37.175395', 7),
	(443, 'DCGBHX4740', 4, '4-Finished', 'UK', ' | Modify Status: From 1-Booked To 4-Finished', '2020-09-02 15:05:04.623870', 7),
	(444, 'DCGBHX4734', 4, '4-Finished', 'UK', ' | Modify Status: From 3-Loading To 4-Finished', '2020-09-02 15:05:15.376935', 7),
	(445, 'HC064', 1, '1-Booked', 'UK', ' | Modify Have Time: From 1 To 0', '2020-09-02 15:06:04.281526', 5),
	(446, 'DCGRD-BHX4720', 4, '4-Finished', 'UK', ' | Modify Status: From 1-Booked To 4-Finished', '2020-09-02 15:06:13.447838', 7),
	(447, 'EXXBH1020', 4, '4-Finished', 'UK', ' | Modify Status: From 1-Booked To 4-Finished', '2020-09-02 15:06:31.906413', 7),
	(448, 'DCGBHX2154 ', 4, '4-Finished', 'UK', ' | Modify Status: From 1-Booked To 4-Finished', '2020-09-02 15:06:42.867025', 7),
	(449, 'DCGBRS1014', 4, '4-Finished', 'UK', ' | Modify Status: From 1-Booked To 4-Finished', '2020-09-02 15:06:58.638384', 7),
	(450, 'TR035', 4, '4-Finished', 'UK', ' | Modify Status: From 3-Loading To 4-Finished', '2020-09-02 15:19:24.122566', 9),
	(451, 'HC095', 3, '3-Loading', 'UK', ' | Modify Status: From 2-Arrived To 3-Loading', '2020-09-02 15:19:56.246316', 9),
	(452, 'PLBA2293', 1, '1-Booked', 'UK', 'Create Booked', '2020-09-02 15:42:40.579970', 4),
	(453, 'HC095', 4, '4-Finished', 'UK', ' | Modify Status: From 3-Loading To 4-Finished', '2020-09-02 15:43:06.035411', 9),
	(454, 'HC093', 3, '3-Loading', 'UK', ' | Modify Status: From 2-Arrived To 3-Loading', '2020-09-02 15:43:12.723481', 9),
	(455, 'WBHX4287', 1, '1-Booked', 'UK', 'Create Booked', '2020-09-02 15:43:19.467537', 4),
	(456, 'EXLTN2051', 1, '1-Booked', 'UK', 'Create Booked', '2020-09-02 15:49:32.092041', 4),
	(457, 'HC093', 4, '4-Finished', 'UK', ' | Modify Status: From 3-Loading To 4-Finished', '2020-09-02 22:25:13.322216', 15),
	(458, 'SC119', 1, '1-Booked', 'UK', 'Create Booked', '2020-09-03 02:25:07.300830', 6),
	(459, 'HC068', 1, '1-Booked', 'UK', ' | Modify DateTime: From 2020-09-03 14:00 To 2020-09-03 13:00', '2020-09-03 02:25:41.348279', 5),
	(460, 'HC072', 1, '1-Booked', 'UK', ' | Modify DateTime: From 2020-09-03 15:00 To 2020-09-03 14:00', '2020-09-03 02:25:58.330758', 5),
	(461, 'HC064', 1, '1-Booked', 'UK', ' | Modify Have Time: From 0 To 1 | Modify DateTime: From 2020-09-03 08:00 To 2020-09-03 09:30', '2020-09-03 02:26:08.876886', 5),
	(462, 'HC070', 1, '1-Booked', 'UK', ' | Modify DateTime: From 2020-09-03 08:00 To 2020-09-03 11:30', '2020-09-03 02:27:07.449597', 5),
	(463, 'DCGBHX4736', 4, '4-Finished', 'UK', ' | Modify Status: From 1-Booked To 4-Finished', '2020-09-03 05:42:52.934375', 9),
	(464, 'WRE-CN-WMAN2001', 1, '1-Booked', 'UK', 'Create Booked', '2020-09-03 06:39:31.620527', 10),
	(465, 'WMAN2001', 1, '1-Booked', 'UK', 'Create Booked', '2020-09-03 06:40:53.893587', 10),
	(466, 'WMAN2001', 1, '1-Booked', 'UK', ' | Modify Remark: From  To Re-CN-WMAN2001', '2020-09-03 06:41:20.539329', 10),
	(467, 'DCGLBA2086', 4, '4-Finished', 'UK', ' | Modify Status: From 1-Booked To 4-Finished', '2020-09-03 07:36:18.428615', 9),
	(468, 'DCGBHX40155', 4, '4-Finished', 'UK', ' | Modify Status: From 1-Booked To 4-Finished', '2020-09-03 07:36:26.348395', 9),
	(469, 'DCGBHX40157', 1, '1-Booked', 'UK', 'Create Booked', '2020-09-03 07:41:23.384308', 13),
	(470, 'DCGBHX2156', 1, '1-Booked', 'UK', 'Create Booked', '2020-09-03 07:44:35.667366', 13),
	(471, 'DCGBHX2225 ', 1, '1-Booked', 'UK', 'Create Booked', '2020-09-03 07:46:15.242419', 13),
	(472, 'DCGDCG077A', 1, '1-Booked', 'UK', 'Create Booked', '2020-09-03 07:46:55.496649', 13),
	(473, 'DCGDCG079 ', 1, '1-Booked', 'UK', 'Create Booked', '2020-09-03 07:47:43.717614', 13),
	(474, 'DCGBHX40159', 1, '1-Booked', 'UK', 'Create Booked', '2020-09-03 07:48:29.829972', 13),
	(475, 'DCGLCY2093', 1, '1-Booked', 'UK', 'Create Booked', '2020-09-03 07:49:17.588964', 13),
	(476, 'SC115', 3, '3-Loading', 'UK', ' | Modify Status: From 1-Booked To 3-Loading', '2020-09-03 07:49:37.059879', 9),
	(477, 'EXMAN1012', 3, '3-Loading', 'UK', ' | Modify Status: From 1-Booked To 3-Loading', '2020-09-03 07:49:48.886952', 9),
	(478, 'EXMAN1012', 4, '4-Finished', 'UK', ' | Modify Status: From 3-Loading To 4-Finished', '2020-09-03 08:02:07.078145', 9),
	(479, 'SC115', 4, '4-Finished', 'UK', ' | Modify Status: From 3-Loading To 4-Finished', '2020-09-03 08:03:22.847645', 9),
	(480, 'DCGDCG104', 4, '4-Finished', 'UK', ' | Modify Status: From 1-Booked To 4-Finished', '2020-09-03 08:03:51.843559', 9),
	(481, 'DCGMAN4004', 4, '4-Finished', 'UK', ' | Modify Status: From 1-Booked To 4-Finished', '2020-09-03 08:04:00.540623', 9),
	(482, 'PLBA2293', 3, '3-Loading', 'UK', ' | Modify Status: From 1-Booked To 3-Loading', '2020-09-03 08:22:32.715295', 9),
	(483, 'PLBA2293', 4, '4-Finished', 'UK', ' | Modify Status: From 3-Loading To 4-Finished', '2020-09-03 08:31:02.031688', 9),
	(484, 'TR026', 4, '4-Finished', 'UK', ' | Modify Status: From 1-Booked To 4-Finished', '2020-09-03 08:35:05.311337', 9),
	(485, 'EXLTN2051', 2, '2-Arrived', 'UK', ' | Modify Status: From 1-Booked To 2-Arrived', '2020-09-03 08:38:15.526629', 9),
	(486, 'WBHX4289', 1, '1-Booked', 'UK', 'Create Booked', '2020-09-03 09:00:12.616708', 4),
	(487, 'WBHX4291', 1, '1-Booked', 'UK', 'Create Booked', '2020-09-03 09:00:39.764724', 4),
	(488, 'WBHX4293', 1, '1-Booked', 'UK', 'Create Booked', '2020-09-03 09:01:23.502279', 4),
	(489, 'WBHX4293', 1, '1-Booked', 'UK', ' | Modify DateTime: From 2020-09-04 10:00 To 2020-09-04 10:30', '2020-09-03 09:01:52.132706', 4),
	(490, 'HC070', 1, '1-Booked', 'UK', ' | Modify DateTime: From 2020-09-03 11:30 To 2020-09-03 15:00', '2020-09-03 09:21:25.244742', 5),
	(491, 'HC064', 1, '1-Booked', 'UK', ' | Modify DateTime: From 2020-09-03 09:30 To 2020-09-03 11:30', '2020-09-03 09:21:47.396067', 5),
	(492, 'EXLTN2051', 3, '3-Loading', 'UK', ' | Modify Status: From 2-Arrived To 3-Loading', '2020-09-03 09:35:39.726697', 9),
	(493, 'EXLTN2051', 4, '4-Finished', 'UK', ' | Modify Status: From 3-Loading To 4-Finished', '2020-09-03 09:52:05.924922', 9),
	(494, 'DCGLTN4010', 1, '1-Booked', 'UK', 'Create Booked', '2020-09-03 10:22:50.521006', 16),
	(495, 'GC097', 3, '3-Loading', 'UK', ' | Modify Status: From 1-Booked To 3-Loading', '2020-09-03 10:28:41.788283', 9),
	(496, 'HC064', 2, '2-Arrived', 'UK', ' | Modify Status: From 1-Booked To 2-Arrived', '2020-09-03 10:34:57.599031', 9),
	(497, 'GMA109', 2, '2-Arrived', 'UK', ' | Modify Status: From 1-Booked To 2-Arrived', '2020-09-03 10:35:17.779307', 9),
	(498, 'GC097', 4, '4-Finished', 'UK', ' | Modify Status: From 3-Loading To 4-Finished', '2020-09-03 10:46:38.326702', 9),
	(499, 'HC064', 3, '3-Loading', 'UK', ' | Modify Status: From 2-Arrived To 3-Loading', '2020-09-03 10:46:48.862572', 9),
	(500, 'HC064', 4, '4-Finished', 'UK', ' | Modify Status: From 3-Loading To 4-Finished', '2020-09-03 10:57:13.912689', 9),
	(501, 'GMA109', 3, '3-Loading', 'UK', ' | Modify Status: From 2-Arrived To 3-Loading', '2020-09-03 11:05:29.955741', 9),
	(502, 'GMA109', 4, '4-Finished', 'UK', ' | Modify Status: From 3-Loading To 4-Finished', '2020-09-03 11:29:50.074511', 9),
	(503, 'HC068', 3, '3-Loading', 'UK', ' | Modify Status: From 1-Booked To 3-Loading', '2020-09-03 11:29:56.970099', 9),
	(504, 'HC068', 4, '4-Finished', 'UK', ' | Modify Status: From 3-Loading To 4-Finished', '2020-09-03 11:56:06.666461', 9),
	(505, 'EXBHX4186', 1, '1-Booked', 'UK', ' | Modify Remark: From  To P9/10', '2020-09-03 12:02:51.186849', 9),
	(506, 'DCGBHX2050', 4, '4-Finished', 'UK', ' | Modify Status: From 1-Booked To 4-Finished', '2020-09-03 12:14:27.668923', 9),
	(507, 'GC093', 4, '4-Finished', 'UK', ' | Modify Status: From 1-Booked To 4-Finished', '2020-09-03 12:15:19.791551', 9),
	(508, 'DCGEMA1028 ', 1, '1-Booked', 'UK', 'Create Booked', '2020-09-03 13:12:58.128798', 16),
	(509, 'DCGLTN4010 ', 1, '1-Booked', 'UK', 'Create Booked', '2020-09-03 13:14:17.012414', 16),
	(510, 'EXMAN3014', 1, '1-Booked', 'UK', 'Create Booked', '2020-09-03 13:22:54.310498', 3),
	(511, 'EXBHX1018', 1, '1-Booked', 'UK', 'Create Booked', '2020-09-03 13:23:30.060468', 3),
	(512, 'EXBHX2052', 1, '1-Booked', 'UK', 'Create Booked', '2020-09-03 13:23:50.643878', 3),
	(513, 'EXCWL1014', 1, '1-Booked', 'UK', 'Create Booked', '2020-09-03 13:24:23.479605', 3),
	(514, 'DCGLCY2002', 3, '3-Loading', 'UK', ' | Modify Status: From 1-Booked To 3-Loading', '2020-09-03 13:26:06.781086', 9),
	(515, 'TR037', 2, '2-Arrived', 'UK', ' | Modify Status: From 1-Booked To 2-Arrived', '2020-09-03 13:26:14.391041', 9),
	(516, 'DCGBHX4738', 4, '4-Finished', 'UK', ' | Modify Status: From 1-Booked To 4-Finished', '2020-09-03 13:26:37.791257', 9);
/*!40000 ALTER TABLE `progress_record` ENABLE KEYS */;

-- Dumping structure for table ukdcg.q_company
CREATE TABLE IF NOT EXISTS `q_company` (
  `id` int NOT NULL AUTO_INCREMENT,
  `code` varchar(20) NOT NULL,
  `name` varchar(100) DEFAULT NULL,
  `contact` varchar(100) DEFAULT NULL,
  `telephone` varchar(100) DEFAULT NULL,
  `email` varchar(250) DEFAULT NULL,
  `is_use` int NOT NULL,
  `op_last_update` datetime(6) NOT NULL,
  `op_user_id` int NOT NULL,
  PRIMARY KEY (`id`),
  UNIQUE KEY `code` (`code`),
  KEY `q_company_op_user_id_f0f26c69_fk_auth_user_id` (`op_user_id`),
  CONSTRAINT `q_company_op_user_id_f0f26c69_fk_auth_user_id` FOREIGN KEY (`op_user_id`) REFERENCES `auth_user` (`id`)
) ENGINE=InnoDB DEFAULT CHARSET=utf8mb4 COLLATE=utf8mb4_0900_ai_ci;

-- Dumping data for table ukdcg.q_company: ~0 rows (approximately)
/*!40000 ALTER TABLE `q_company` DISABLE KEYS */;
/*!40000 ALTER TABLE `q_company` ENABLE KEYS */;

-- Dumping structure for table ukdcg.q_euro_country
CREATE TABLE IF NOT EXISTS `q_euro_country` (
  `id` int NOT NULL AUTO_INCREMENT,
  `country` varchar(500) NOT NULL,
  `op_last_update` datetime(6) NOT NULL,
  `op_user_id` int NOT NULL,
  PRIMARY KEY (`id`),
  KEY `q_euro_country_op_user_id_125f6e0d_fk_auth_user_id` (`op_user_id`),
  CONSTRAINT `q_euro_country_op_user_id_125f6e0d_fk_auth_user_id` FOREIGN KEY (`op_user_id`) REFERENCES `auth_user` (`id`)
) ENGINE=InnoDB DEFAULT CHARSET=utf8mb4 COLLATE=utf8mb4_0900_ai_ci;

-- Dumping data for table ukdcg.q_euro_country: ~0 rows (approximately)
/*!40000 ALTER TABLE `q_euro_country` DISABLE KEYS */;
/*!40000 ALTER TABLE `q_euro_country` ENABLE KEYS */;

-- Dumping structure for table ukdcg.q_euro_price
CREATE TABLE IF NOT EXISTS `q_euro_price` (
  `id` int NOT NULL AUTO_INCREMENT,
  `basic_price` decimal(8,2) NOT NULL,
  `over_weight_price` decimal(8,2) NOT NULL,
  `clearance_charge` decimal(8,2) NOT NULL,
  `description` varchar(300) NOT NULL,
  `op_last_update` datetime(6) NOT NULL,
  `company_id` int NOT NULL,
  `country_id` int NOT NULL,
  `op_user_id` int NOT NULL,
  PRIMARY KEY (`id`),
  KEY `q_euro_price_company_id_3756d5e3_fk_q_company_id` (`company_id`),
  KEY `q_euro_price_country_id_40d61d42_fk_q_euro_country_id` (`country_id`),
  KEY `q_euro_price_op_user_id_a35ed7bf_fk_auth_user_id` (`op_user_id`),
  CONSTRAINT `q_euro_price_company_id_3756d5e3_fk_q_company_id` FOREIGN KEY (`company_id`) REFERENCES `q_company` (`id`),
  CONSTRAINT `q_euro_price_country_id_40d61d42_fk_q_euro_country_id` FOREIGN KEY (`country_id`) REFERENCES `q_euro_country` (`id`),
  CONSTRAINT `q_euro_price_op_user_id_a35ed7bf_fk_auth_user_id` FOREIGN KEY (`op_user_id`) REFERENCES `auth_user` (`id`)
) ENGINE=InnoDB DEFAULT CHARSET=utf8mb4 COLLATE=utf8mb4_0900_ai_ci;

-- Dumping data for table ukdcg.q_euro_price: ~0 rows (approximately)
/*!40000 ALTER TABLE `q_euro_price` DISABLE KEYS */;
/*!40000 ALTER TABLE `q_euro_price` ENABLE KEYS */;

-- Dumping structure for table ukdcg.q_service_type
CREATE TABLE IF NOT EXISTS `q_service_type` (
  `id` int NOT NULL AUTO_INCREMENT,
  `name` varchar(20) NOT NULL,
  `description` varchar(200) NOT NULL,
  `base_price` decimal(6,2) NOT NULL,
  `max_weight` decimal(4,0) NOT NULL,
  `max_length` decimal(4,0) NOT NULL,
  `max_girth` decimal(4,0) NOT NULL,
  `op_last_update` datetime(6) NOT NULL,
  `company_id` int NOT NULL,
  `op_user_id` int NOT NULL,
  PRIMARY KEY (`id`),
  KEY `q_service_type_company_id_fa02dc4a_fk_q_company_id` (`company_id`),
  KEY `q_service_type_op_user_id_432ce060_fk_auth_user_id` (`op_user_id`),
  CONSTRAINT `q_service_type_company_id_fa02dc4a_fk_q_company_id` FOREIGN KEY (`company_id`) REFERENCES `q_company` (`id`),
  CONSTRAINT `q_service_type_op_user_id_432ce060_fk_auth_user_id` FOREIGN KEY (`op_user_id`) REFERENCES `auth_user` (`id`)
) ENGINE=InnoDB DEFAULT CHARSET=utf8mb4 COLLATE=utf8mb4_0900_ai_ci;

-- Dumping data for table ukdcg.q_service_type: ~0 rows (approximately)
/*!40000 ALTER TABLE `q_service_type` DISABLE KEYS */;
/*!40000 ALTER TABLE `q_service_type` ENABLE KEYS */;

-- Dumping structure for table ukdcg.q_surcharge
CREATE TABLE IF NOT EXISTS `q_surcharge` (
  `id` int NOT NULL AUTO_INCREMENT,
  `surcharge_name` varchar(20) NOT NULL,
  `description` varchar(300) NOT NULL,
  `price` decimal(8,2) NOT NULL,
  `percent` decimal(8,2) NOT NULL,
  `op_last_update` datetime(6) NOT NULL,
  `company_id` int NOT NULL,
  `op_user_id` int NOT NULL,
  PRIMARY KEY (`id`),
  KEY `q_surcharge_company_id_13076238_fk_q_company_id` (`company_id`),
  KEY `q_surcharge_op_user_id_f1fa7da4_fk_auth_user_id` (`op_user_id`),
  CONSTRAINT `q_surcharge_company_id_13076238_fk_q_company_id` FOREIGN KEY (`company_id`) REFERENCES `q_company` (`id`),
  CONSTRAINT `q_surcharge_op_user_id_f1fa7da4_fk_auth_user_id` FOREIGN KEY (`op_user_id`) REFERENCES `auth_user` (`id`)
) ENGINE=InnoDB DEFAULT CHARSET=utf8mb4 COLLATE=utf8mb4_0900_ai_ci;

-- Dumping data for table ukdcg.q_surcharge: ~0 rows (approximately)
/*!40000 ALTER TABLE `q_surcharge` DISABLE KEYS */;
/*!40000 ALTER TABLE `q_surcharge` ENABLE KEYS */;

-- Dumping structure for table ukdcg.q_zone
CREATE TABLE IF NOT EXISTS `q_zone` (
  `id` int NOT NULL AUTO_INCREMENT,
  `zone_name` varchar(10) NOT NULL,
  `description` varchar(100) NOT NULL,
  `op_last_update` datetime(6) NOT NULL,
  `company_id` int NOT NULL,
  `op_user_id` int NOT NULL,
  PRIMARY KEY (`id`),
  KEY `q_zone_company_id_9fc01024_fk_q_company_id` (`company_id`),
  KEY `q_zone_op_user_id_ccc5753b_fk_auth_user_id` (`op_user_id`),
  CONSTRAINT `q_zone_company_id_9fc01024_fk_q_company_id` FOREIGN KEY (`company_id`) REFERENCES `q_company` (`id`),
  CONSTRAINT `q_zone_op_user_id_ccc5753b_fk_auth_user_id` FOREIGN KEY (`op_user_id`) REFERENCES `auth_user` (`id`)
) ENGINE=InnoDB DEFAULT CHARSET=utf8mb4 COLLATE=utf8mb4_0900_ai_ci;

-- Dumping data for table ukdcg.q_zone: ~0 rows (approximately)
/*!40000 ALTER TABLE `q_zone` DISABLE KEYS */;
/*!40000 ALTER TABLE `q_zone` ENABLE KEYS */;

-- Dumping structure for table ukdcg.q_zone_detail
CREATE TABLE IF NOT EXISTS `q_zone_detail` (
  `id` int NOT NULL AUTO_INCREMENT,
  `begin` varchar(10) NOT NULL,
  `end` varchar(10) NOT NULL,
  `op_last_update` datetime(6) NOT NULL,
  `company_id` int NOT NULL,
  `op_user_id` int NOT NULL,
  `zone_id` int NOT NULL,
  PRIMARY KEY (`id`),
  KEY `q_zone_detail_company_id_1b452d0e_fk_q_company_id` (`company_id`),
  KEY `q_zone_detail_op_user_id_59918ea9_fk_auth_user_id` (`op_user_id`),
  KEY `q_zone_detail_zone_id_4909f9de_fk_q_zone_id` (`zone_id`),
  CONSTRAINT `q_zone_detail_company_id_1b452d0e_fk_q_company_id` FOREIGN KEY (`company_id`) REFERENCES `q_company` (`id`),
  CONSTRAINT `q_zone_detail_op_user_id_59918ea9_fk_auth_user_id` FOREIGN KEY (`op_user_id`) REFERENCES `auth_user` (`id`),
  CONSTRAINT `q_zone_detail_zone_id_4909f9de_fk_q_zone_id` FOREIGN KEY (`zone_id`) REFERENCES `q_zone` (`id`)
) ENGINE=InnoDB DEFAULT CHARSET=utf8mb4 COLLATE=utf8mb4_0900_ai_ci;

-- Dumping data for table ukdcg.q_zone_detail: ~0 rows (approximately)
/*!40000 ALTER TABLE `q_zone_detail` DISABLE KEYS */;
/*!40000 ALTER TABLE `q_zone_detail` ENABLE KEYS */;

-- Dumping structure for table ukdcg.q_zone_surcharge
CREATE TABLE IF NOT EXISTS `q_zone_surcharge` (
  `id` int NOT NULL AUTO_INCREMENT,
  `minimum_price` decimal(8,2) NOT NULL,
  `percent` decimal(8,2) NOT NULL,
  `plus_price` decimal(8,2) NOT NULL,
  `description` varchar(300) NOT NULL,
  `op_last_update` datetime(6) NOT NULL,
  `company_id` int NOT NULL,
  `op_user_id` int NOT NULL,
  `service_type_id` int NOT NULL,
  `zone_id` int NOT NULL,
  PRIMARY KEY (`id`),
  KEY `q_zone_surcharge_company_id_c9999dde_fk_q_company_id` (`company_id`),
  KEY `q_zone_surcharge_op_user_id_cafaebe6_fk_auth_user_id` (`op_user_id`),
  KEY `q_zone_surcharge_service_type_id_f0df4fa3_fk_q_service_type_id` (`service_type_id`),
  KEY `q_zone_surcharge_zone_id_a5bd2d41_fk_q_zone_id` (`zone_id`),
  CONSTRAINT `q_zone_surcharge_company_id_c9999dde_fk_q_company_id` FOREIGN KEY (`company_id`) REFERENCES `q_company` (`id`),
  CONSTRAINT `q_zone_surcharge_op_user_id_cafaebe6_fk_auth_user_id` FOREIGN KEY (`op_user_id`) REFERENCES `auth_user` (`id`),
  CONSTRAINT `q_zone_surcharge_service_type_id_f0df4fa3_fk_q_service_type_id` FOREIGN KEY (`service_type_id`) REFERENCES `q_service_type` (`id`),
  CONSTRAINT `q_zone_surcharge_zone_id_a5bd2d41_fk_q_zone_id` FOREIGN KEY (`zone_id`) REFERENCES `q_zone` (`id`)
) ENGINE=InnoDB DEFAULT CHARSET=utf8mb4 COLLATE=utf8mb4_0900_ai_ci;

-- Dumping data for table ukdcg.q_zone_surcharge: ~0 rows (approximately)
/*!40000 ALTER TABLE `q_zone_surcharge` DISABLE KEYS */;
/*!40000 ALTER TABLE `q_zone_surcharge` ENABLE KEYS */;

-- Dumping structure for table ukdcg.users_emailverifyrecord
CREATE TABLE IF NOT EXISTS `users_emailverifyrecord` (
  `id` int NOT NULL AUTO_INCREMENT,
  `code` varchar(20) NOT NULL,
  `email` varchar(50) NOT NULL,
  `send_type` varchar(30) NOT NULL,
  `send_time` datetime(6) NOT NULL,
  PRIMARY KEY (`id`)
) ENGINE=InnoDB DEFAULT CHARSET=utf8mb4 COLLATE=utf8mb4_0900_ai_ci;

-- Dumping data for table ukdcg.users_emailverifyrecord: ~0 rows (approximately)
/*!40000 ALTER TABLE `users_emailverifyrecord` DISABLE KEYS */;
/*!40000 ALTER TABLE `users_emailverifyrecord` ENABLE KEYS */;

-- Dumping structure for table ukdcg.users_userprofile
CREATE TABLE IF NOT EXISTS `users_userprofile` (
  `id` int NOT NULL AUTO_INCREMENT,
  `op_position` varchar(2) NOT NULL,
  `telephone` varchar(100) NOT NULL,
  `mod_date` datetime(6) NOT NULL,
  `staff_role` int NOT NULL,
  `role_id` int NOT NULL,
  `user_id` int NOT NULL,
  PRIMARY KEY (`id`),
  UNIQUE KEY `user_id` (`user_id`),
  KEY `users_userprofile_role_id_e1b6eebd_fk_z_role_id` (`role_id`),
  CONSTRAINT `users_userprofile_role_id_e1b6eebd_fk_z_role_id` FOREIGN KEY (`role_id`) REFERENCES `z_role` (`id`),
  CONSTRAINT `users_userprofile_user_id_87251ef1_fk_auth_user_id` FOREIGN KEY (`user_id`) REFERENCES `auth_user` (`id`)
) ENGINE=InnoDB AUTO_INCREMENT=19 DEFAULT CHARSET=utf8mb4 COLLATE=utf8mb4_0900_ai_ci;

-- Dumping data for table ukdcg.users_userprofile: ~0 rows (approximately)
/*!40000 ALTER TABLE `users_userprofile` DISABLE KEYS */;
INSERT INTO `users_userprofile` (`id`, `op_position`, `telephone`, `mod_date`, `staff_role`, `role_id`, `user_id`) VALUES
	(1, '', '', '2020-09-04 13:48:35.044995', 0, 1, 1),
	(2, 'UK', '', '2020-08-17 11:37:50.990572', 1, 1, 4),
	(3, 'UK', '', '2020-08-17 11:38:00.856382', 1, 1, 6),
	(4, 'UK', '', '2020-08-17 11:38:08.558870', 2, 1, 8),
	(5, 'UK', '', '2020-08-17 11:38:15.463307', 1, 1, 3),
	(6, 'UK', '', '2020-08-17 11:38:29.127034', 1, 1, 2),
	(7, 'UK', '', '2020-08-17 11:38:37.582513', 1, 1, 10),
	(8, 'UK', '', '2020-08-17 11:38:46.199566', 2, 1, 7),
	(9, 'UK', '', '2020-08-17 11:38:53.481002', 1, 1, 11),
	(10, 'UK', '', '2020-08-17 11:39:53.553662', 2, 1, 9),
	(11, 'UK', '', '2020-08-17 11:49:51.084089', 0, 1, 12),
	(12, 'UK', '', '2020-08-18 09:32:32.566292', 1, 1, 13),
	(13, 'UK', '', '2020-08-18 09:33:35.620295', 3, 1, 14),
	(14, 'UK', '', '2020-08-18 09:41:26.984636', 3, 1, 15),
	(15, 'UK', '', '2020-08-18 10:34:09.554823', 1, 1, 16),
	(16, 'UK', '', '2020-08-18 14:28:56.300922', 0, 1, 17),
	(17, 'UK', '', '2020-08-25 12:18:46.661942', 2, 1, 19),
	(18, 'UK', '', '2020-08-25 12:20:43.506593', 2, 1, 20);
/*!40000 ALTER TABLE `users_userprofile` ENABLE KEYS */;

-- Dumping structure for table ukdcg.warehouse
CREATE TABLE IF NOT EXISTS `warehouse` (
  `id` int NOT NULL AUTO_INCREMENT,
  `deliveryref` varchar(25) NOT NULL,
  `workdate` date NOT NULL,
  `slottime` time(6) NOT NULL,
  `vehiclereg` varchar(15) DEFAULT NULL,
  `status` varchar(8) NOT NULL,
  `progress` int unsigned NOT NULL,
  `havetime` int unsigned NOT NULL,
  `position` varchar(2) NOT NULL,
  `op_datetime` datetime(6) NOT NULL,
  `remark` varchar(80) DEFAULT NULL,
  `last_update` timestamp NOT NULL DEFAULT CURRENT_TIMESTAMP,
  `hailerid_id` int NOT NULL,
  `op_user_id` int NOT NULL,
  PRIMARY KEY (`id`),
  UNIQUE KEY `Warehouse_deliveryref_ec669967_uniq` (`deliveryref`),
  KEY `Warehouse_hailerid_id_03cc8a59_fk_Haulier_id` (`hailerid_id`),
  KEY `Warehouse_op_user_id_ddfa3b6c_fk_auth_user_id` (`op_user_id`),
  CONSTRAINT `Warehouse_hailerid_id_03cc8a59_fk_Haulier_id` FOREIGN KEY (`hailerid_id`) REFERENCES `haulier` (`id`),
  CONSTRAINT `Warehouse_op_user_id_ddfa3b6c_fk_auth_user_id` FOREIGN KEY (`op_user_id`) REFERENCES `auth_user` (`id`),
  CONSTRAINT `warehouse_chk_1` CHECK ((`progress` >= 0)),
  CONSTRAINT `warehouse_chk_2` CHECK ((`havetime` >= 0))
) ENGINE=InnoDB AUTO_INCREMENT=325 DEFAULT CHARSET=utf8mb4 COLLATE=utf8mb4_0900_ai_ci;

-- Dumping data for table ukdcg.warehouse: ~0 rows (approximately)
/*!40000 ALTER TABLE `warehouse` DISABLE KEYS */;
INSERT INTO `warehouse` (`id`, `deliveryref`, `workdate`, `slottime`, `vehiclereg`, `status`, `progress`, `havetime`, `position`, `op_datetime`, `remark`, `last_update`, `hailerid_id`, `op_user_id`) VALUES
	(1, 'DC065', '2020-08-19', '10:30:00.000000', 'DK17 LTV', 'INBOUND', 1, 0, 'UK', '2020-08-18 12:43:44.560619', '', '2020-09-04 14:57:00', 1, 6),
	(2, 'DC088 ', '2020-08-19', '10:30:00.000000', 'LYA', 'INBOUND', 1, 1, 'UK', '2020-08-18 11:31:09.517073', '', '2020-09-04 14:57:00', 1, 13),
	(3, 'DCBHX40105', '2020-08-18', '08:00:00.000000', '', 'OUTBOUND', 1, 1, 'UK', '2020-08-17 14:05:48.113340', '', '2020-09-04 14:57:00', 1, 9),
	(4, 'DCBHX40107', '2020-08-18', '19:00:00.000000', '', 'OUTBOUND', 1, 1, 'UK', '2020-08-17 14:31:59.740281', '', '2020-09-04 14:57:00', 1, 9),
	(5, 'DCBHX40109', '2020-08-18', '14:00:00.000000', '', 'OUTBOUND', 1, 1, 'UK', '2020-08-17 16:55:37.605028', '', '2020-09-04 14:57:00', 1, 9),
	(6, 'DCBHX40111', '2020-08-19', '10:00:00.000000', 'LTV', 'OUTBOUND', 1, 1, 'UK', '2020-08-18 11:39:43.717539', '', '2020-09-04 14:57:00', 1, 13),
	(7, 'DCBHX40113', '2020-08-19', '15:00:00.000000', 'LZF', 'OUTBOUND', 1, 1, 'UK', '2020-08-18 11:25:26.324885', '', '2020-09-04 14:57:00', 1, 13),
	(8, 'DCBHX4688', '2020-08-18', '09:00:00.000000', '', 'OUTBOUND', 1, 1, 'UK', '2020-08-17 14:06:36.308688', '', '2020-09-04 14:57:00', 1, 9),
	(9, 'DCBHX4690', '2020-08-18', '06:00:00.000000', '', 'OUTBOUND', 1, 1, 'UK', '2020-08-17 13:22:29.334601', '', '2020-09-04 14:57:00', 1, 2),
	(10, 'DCBHX4692', '2020-08-18', '15:00:00.000000', '', 'OUTBOUND', 1, 1, 'UK', '2020-08-17 16:56:42.189464', '', '2020-09-04 14:57:00', 1, 9),
	(11, 'DCBHX4694', '2020-08-19', '20:00:00.000000', 'LXZ', 'OUTBOUND', 1, 1, 'UK', '2020-08-18 11:38:13.733180', '', '2020-09-04 14:57:00', 1, 13),
	(12, 'DCBHX4696', '2020-08-19', '15:30:00.000000', 'LXX', 'OUTBOUND', 1, 1, 'UK', '2020-08-18 11:28:56.828004', '', '2020-09-04 14:57:00', 1, 13),
	(13, 'DCCN-DCG065', '2020-08-19', '15:00:00.000000', 'LYA', 'INBOUND', 1, 1, 'UK', '2020-08-18 11:36:14.905651', '', '2020-09-04 14:57:00', 1, 13),
	(14, 'DCCN-DCG088', '2020-08-18', '10:30:00.000000', 'LYA', 'INBOUND', 1, 1, 'UK', '2020-08-18 11:32:21.374197', '', '2020-09-04 14:57:00', 1, 13),
	(15, 'DCEMA1022', '2020-08-18', '20:00:00.000000', '', 'OUTBOUND', 1, 1, 'UK', '2020-08-17 16:58:56.708099', '', '2020-09-04 14:57:00', 1, 9),
	(16, 'DCGBHX1022', '2020-08-20', '07:00:00.000000', 'LBP', 'OUTBOUND', 1, 1, 'UK', '2020-08-19 11:17:09.241010', '', '2020-09-04 14:57:00', 1, 13),
	(17, 'DCGBHX2148', '2020-08-21', '13:30:00.000000', 'LZF', 'OUTBOUND', 1, 1, 'UK', '2020-08-21 05:44:46.549608', '', '2020-09-04 14:57:00', 1, 13),
	(18, 'DCGBHX2150', '2020-08-25', '15:00:00.000000', 'LXX', 'OUTBOUND', 4, 1, 'UK', '2020-08-26 08:44:42.412441', 'P10', '2020-09-04 14:57:00', 1, 13),
	(19, 'DCGBHX2221', '2020-08-21', '11:00:00.000000', 'LBP', 'OUTBOUND', 1, 1, 'UK', '2020-08-19 10:51:02.260954', '', '2020-09-04 14:57:00', 1, 13),
	(20, 'DCGBHX2223', '2020-08-21', '14:30:00.000000', 'LXZ', 'OUTBOUND', 1, 1, 'UK', '2020-08-20 13:27:59.029368', '', '2020-09-04 14:57:00', 1, 13),
	(21, 'DCGBHX40115', '2020-08-20', '06:30:00.000000', 'LXZ', 'OUTBOUND', 1, 1, 'UK', '2020-08-19 11:20:44.189291', '', '2020-09-04 14:57:00', 1, 13),
	(22, 'DCGBHX40117', '2020-08-20', '08:00:00.000000', 'LZF', 'OUTBOUND', 1, 1, 'UK', '2020-08-19 11:26:58.203139', '', '2020-09-04 14:57:00', 1, 13),
	(23, 'DCGBHX40117 RD', '2020-08-24', '06:30:00.000000', 'LTV', 'OUTBOUND', 1, 1, 'UK', '2020-08-21 08:03:33.220586', '', '2020-09-04 14:57:00', 1, 13),
	(24, 'DCGBHX40119', '2020-08-20', '16:30:00.000000', 'LXX', 'OUTBOUND', 1, 1, 'UK', '2020-08-19 11:56:55.016345', '', '2020-09-04 14:57:00', 1, 13),
	(25, 'DCGBHX40121', '2020-08-21', '17:00:00.000000', 'LXZ', 'OUTBOUND', 1, 1, 'UK', '2020-08-20 05:59:00.077008', '', '2020-09-04 14:57:00', 1, 13),
	(26, 'DCGBHX40123', '2020-08-21', '14:00:00.000000', 'LTV', 'OUTBOUND', 1, 1, 'UK', '2020-08-20 07:45:22.200659', '', '2020-09-04 14:57:00', 1, 13),
	(27, 'DCGBHX40125', '2020-08-21', '15:30:00.000000', 'LXX', 'OUTBOUND', 1, 1, 'UK', '2020-08-20 12:33:25.217897', '', '2020-09-04 14:57:00', 1, 13),
	(28, 'DCGBHX40127', '2020-08-24', '06:00:00.000000', 'LXZ', 'OUTBOUND', 1, 1, 'UK', '2020-08-21 06:21:24.137999', '', '2020-09-04 14:57:00', 1, 13),
	(29, 'DCGBHX40129', '2020-08-24', '06:00:00.000000', 'LXX', 'OUTBOUND', 1, 1, 'UK', '2020-08-21 06:24:23.485912', '', '2020-09-04 14:57:00', 1, 13),
	(30, 'DCGBHX40131', '2020-08-24', '08:00:00.000000', 'LBP', 'OUTBOUND', 1, 1, 'UK', '2020-08-21 06:22:14.675287', '', '2020-09-04 14:57:00', 1, 13),
	(31, 'DCGBHX40133', '2020-08-24', '16:00:00.000000', 'LXX', 'OUTBOUND', 1, 1, 'UK', '2020-08-21 11:09:22.391796', '', '2020-09-04 14:57:00', 1, 13),
	(32, 'DCGBHX40135', '2020-08-24', '16:00:00.000000', 'LXZ', 'OUTBOUND', 1, 1, 'UK', '2020-08-21 11:50:28.520882', '', '2020-09-04 14:57:00', 1, 13),
	(33, 'DCGBHX40139', '2020-08-25', '06:00:00.000000', 'LBP', 'OUTBOUND', 4, 1, 'UK', '2020-08-25 07:58:00.794658', '', '2020-09-04 14:57:00', 1, 13),
	(34, 'DCGBHX40141', '2020-08-25', '10:00:00.000000', 'LCO', 'OUTBOUND', 4, 1, 'UK', '2020-08-25 09:35:36.197816', 'P10', '2020-09-04 14:57:00', 1, 13),
	(35, 'DCGBHX4137', '2020-08-24', '14:30:00.000000', 'LZF', 'OUTBOUND', 1, 1, 'UK', '2020-08-21 13:45:51.333341', '', '2020-09-04 14:57:00', 1, 13),
	(36, 'DCGBHX4698', '2020-08-20', '16:00:00.000000', 'LZF', 'OUTBOUND', 1, 1, 'UK', '2020-08-19 11:23:20.110883', '', '2020-09-04 14:57:00', 1, 13),
	(37, 'DCGBHX4702', '2020-08-21', '12:00:00.000000', 'LCO', 'OUTBOUND', 1, 1, 'UK', '2020-08-20 11:12:13.509668', '', '2020-09-04 14:57:00', 1, 13),
	(38, 'DCGBHX4704', '2020-08-21', '09:00:00.000000', 'LTV', 'OUTBOUND', 1, 1, 'UK', '2020-08-20 11:24:37.289145', '', '2020-09-04 14:57:00', 1, 13),
	(39, 'DCGBHX4706', '2020-08-21', '17:30:00.000000', 'LCO', 'OUTBOUND', 1, 1, 'UK', '2020-08-21 09:59:01.909507', '', '2020-09-04 14:57:00', 1, 13),
	(40, 'DCGBHX4708', '2020-08-21', '08:30:00.000000', 'LTV', 'OUTBOUND', 1, 1, 'UK', '2020-08-21 11:35:38.897448', '', '2020-09-04 14:57:00', 1, 13),
	(41, 'DCGBHX4710', '2020-08-24', '11:00:00.000000', 'LCO', 'OUTBOUND', 1, 1, 'UK', '2020-08-21 11:52:34.196846', '', '2020-09-04 14:57:00', 1, 13),
	(42, 'DCGBHX4712', '2020-08-24', '14:00:00.000000', 'LTV', 'OUTBOUND', 1, 1, 'UK', '2020-08-21 12:00:13.421110', '', '2020-09-04 14:57:00', 1, 13),
	(43, 'DCGBHX4714', '2020-08-25', '11:00:00.000000', 'LTV', 'OUTBOUND', 4, 1, 'UK', '2020-08-25 10:04:41.890811', 'P4', '2020-09-04 14:57:00', 1, 13),
	(44, 'DCGBHX4716 ', '2020-08-25', '14:30:00.000000', 'LZF', 'OUTBOUND', 4, 1, 'UK', '2020-08-25 14:40:50.272248', 'P9', '2020-09-04 14:57:00', 1, 13),
	(45, 'DCGBHZ4700', '2020-08-20', '18:00:00.000000', 'DK17 LBP', 'INBOUND', 1, 1, 'UK', '2020-08-19 14:59:41.077509', '', '2020-09-04 14:57:00', 1, 16),
	(46, 'DCGBRS1065', '2020-08-25', '17:00:00.000000', 'LXZ', 'OUTBOUND', 4, 1, 'UK', '2020-08-26 08:42:23.039392', 'P2', '2020-09-04 14:57:00', 1, 13),
	(47, 'DCGDCG071', '2020-08-21', '14:30:00.000000', 'LXZ', 'INBOUND', 1, 1, 'UK', '2020-08-20 07:50:25.277761', '', '2020-09-04 14:57:00', 1, 13),
	(48, 'DCGDCG090', '2020-08-21', '17:00:00.000000', 'LZF', 'INBOUND', 1, 1, 'UK', '2020-08-20 08:00:48.986251', '', '2020-09-04 14:57:00', 1, 13),
	(49, 'DCGDCG092', '2020-08-24', '14:00:00.000000', 'LZF', 'INBOUND', 1, 1, 'UK', '2020-08-21 12:01:54.150573', '', '2020-09-04 14:57:00', 1, 13),
	(50, 'DCGLBA1032', '2020-08-25', '06:00:00.000000', 'LXZ', 'OUTBOUND', 4, 1, 'UK', '2020-08-25 07:58:16.163286', '', '2020-09-04 14:57:00', 1, 13),
	(51, 'DCGLBA1083', '2020-08-20', '13:30:00.000000', 'LXX', 'OUTBOUND', 1, 1, 'UK', '2020-08-19 10:06:10.578277', '', '2020-09-04 14:57:00', 1, 13),
	(52, 'DCGLBA2105', '2020-08-20', '13:00:00.000000', 'LCO', 'OUTBOUND', 1, 1, 'UK', '2020-08-19 10:01:54.005881', '', '2020-09-04 14:57:00', 1, 13),
	(53, 'DCGLCY2038', '2020-08-21', '07:00:00.000000', 'LZF', 'OUTBOUND', 1, 1, 'UK', '2020-08-20 06:00:19.890594', '', '2020-09-04 14:57:00', 1, 13),
	(54, 'DCMAN4062', '2020-08-19', '16:00:00.000000', 'LCO', 'OUTBOUND', 1, 1, 'UK', '2020-08-18 11:42:53.545031', '', '2020-09-04 14:57:00', 1, 13),
	(55, 'DCMAN4101', '2020-08-18', '16:00:00.000000', '', 'OUTBOUND', 1, 1, 'UK', '2020-08-17 14:22:03.097731', '', '2020-09-04 14:57:00', 1, 9),
	(56, 'EX019', '2020-08-20', '14:30:00.000000', '', 'INBOUND', 1, 1, 'UK', '2020-08-19 10:27:11.865411', '', '2020-09-04 14:57:00', 3, 6),
	(57, 'EX021', '2020-08-20', '16:00:00.000000', '', 'INBOUND', 1, 1, 'UK', '2020-08-19 10:27:46.057957', '', '2020-09-04 14:57:00', 3, 6),
	(58, 'EXBHX4174', '2020-08-19', '13:00:00.000000', '', 'OUTBOUND', 1, 1, 'UK', '2020-08-18 09:55:00.079636', '', '2020-09-04 14:57:00', 3, 15),
	(59, 'EXBHX4176', '2020-08-18', '10:00:00.000000', '', 'OUTBOUND', 1, 1, 'UK', '2020-08-17 16:54:56.564948', '', '2020-09-04 14:57:00', 3, 9),
	(60, 'EXBHX4178', '2020-08-20', '09:00:00.000000', '', 'OUTBOUND', 1, 1, 'UK', '2020-08-18 22:11:37.155414', '', '2020-09-04 14:57:00', 3, 3),
	(61, 'EXBHX4215', '2020-08-18', '12:00:00.000000', '', 'OUTBOUND', 1, 1, 'UK', '2020-08-17 16:58:33.307864', '', '2020-09-04 14:57:00', 3, 9),
	(62, 'EXBHX4217', '2020-08-19', '13:30:00.000000', '', 'OUTBOUND', 1, 1, 'UK', '2020-08-18 16:08:49.475163', '', '2020-09-04 14:57:00', 3, 4),
	(63, 'EXCWL1050', '2020-08-19', '13:30:00.000000', '', 'OUTBOUND', 1, 1, 'UK', '2020-08-17 17:03:54.073203', '', '2020-09-04 14:57:00', 3, 9),
	(64, 'EXEMA1063', '2020-08-25', '14:00:00.000000', '', 'OUTBOUND', 4, 1, 'UK', '2020-08-25 11:46:05.244563', '', '2020-09-04 14:57:00', 3, 4),
	(65, 'EXEUK5004', '2020-08-19', '09:00:00.000000', '', 'OUTBOUND', 1, 1, 'UK', '2020-08-18 15:56:57.341653', '', '2020-09-04 14:57:00', 1, 3),
	(66, 'EXLBA2065', '2020-08-21', '14:00:00.000000', '', 'OUTBOUND', 1, 1, 'UK', '2020-08-20 16:07:22.652661', '', '2020-09-04 14:57:00', 3, 4),
	(67, 'EXLTN2022', '2020-08-19', '11:00:00.000000', '', 'OUTBOUND', 1, 1, 'UK', '2020-08-17 21:33:37.076437', '', '2020-09-04 14:57:00', 3, 3),
	(68, 'EXLTN4006', '2020-08-19', '14:00:00.000000', '', 'OUTBOUND', 1, 1, 'UK', '2020-08-18 15:56:34.218967', '', '2020-09-04 14:57:00', 3, 3),
	(69, 'EXLTN4006*', '2020-08-22', '07:00:00.000000', '', 'OUTBOUND', 1, 1, 'UK', '2020-08-20 12:39:20.621256', '', '2020-09-04 14:57:00', 3, 3),
	(70, 'EXMAN2061', '2020-08-19', '16:30:00.000000', '', 'OUTBOUND', 1, 1, 'UK', '2020-08-18 16:11:16.805592', '', '2020-09-04 14:57:00', 3, 4),
	(71, 'EXMAN4075', '2020-08-19', '11:30:00.000000', '', 'OUTBOUND', 1, 1, 'UK', '2020-08-18 13:07:34.487785', '', '2020-09-04 14:57:00', 3, 4),
	(72, 'EXMAN4077', '2020-08-25', '12:00:00.000000', '', 'OUTBOUND', 4, 1, 'UK', '2020-08-25 15:05:46.415873', 'P7', '2020-09-04 14:57:00', 3, 4),
	(73, 'EXMAN4079', '2020-08-25', '12:00:00.000000', '', 'OUTBOUND', 4, 1, 'UK', '2020-08-25 09:35:50.534628', 'P2', '2020-09-04 14:57:00', 3, 4),
	(74, 'GC058', '2020-08-19', '14:00:00.000000', '', 'INBOUND', 1, 1, 'UK', '2020-08-18 12:21:32.186096', '', '2020-09-04 14:57:00', 12, 5),
	(75, 'GC060', '2020-08-19', '09:30:00.000000', '', 'INBOUND', 1, 1, 'UK', '2020-08-18 12:22:50.217543', '', '2020-09-04 14:57:00', 12, 5),
	(76, 'GC062', '2020-08-20', '09:30:00.000000', '', 'INBOUND', 1, 1, 'UK', '2020-08-19 11:41:07.865096', '', '2020-09-04 14:57:00', 12, 5),
	(77, 'GC063', '2020-08-18', '16:30:00.000000', '', 'INBOUND', 1, 0, 'UK', '2020-08-17 17:01:03.957425', '', '2020-09-04 14:57:00', 12, 9),
	(78, 'GC064', '2020-08-20', '13:30:00.000000', '', 'INBOUND', 1, 1, 'UK', '2020-08-19 11:41:32.122757', '', '2020-09-04 14:57:00', 12, 5),
	(79, 'GC065', '2020-08-19', '09:00:00.000000', '', 'INBOUND', 1, 1, 'UK', '2020-08-18 13:34:48.076572', '', '2020-09-04 14:57:00', 12, 6),
	(80, 'GC067', '2020-08-19', '11:00:00.000000', '', 'INBOUND', 1, 1, 'UK', '2020-08-18 12:47:44.642831', '', '2020-09-04 14:57:00', 12, 6),
	(81, 'GC068', '2020-08-21', '09:30:00.000000', '', 'INBOUND', 1, 1, 'UK', '2020-08-19 11:46:08.533682', '', '2020-09-04 14:57:00', 12, 5),
	(82, 'GC069', '2020-08-20', '10:30:00.000000', '', 'INBOUND', 1, 1, 'UK', '2020-08-19 10:21:39.666516', '', '2020-09-04 14:57:00', 12, 6),
	(83, 'GC071', '2020-08-21', '11:00:00.000000', '', 'INBOUND', 1, 1, 'UK', '2020-08-19 10:55:35.789600', '', '2020-09-04 14:57:00', 12, 6),
	(84, 'GC073', '2020-08-24', '09:00:00.000000', '', 'INBOUND', 1, 1, 'UK', '2020-08-21 08:17:37.021959', '', '2020-09-04 14:57:00', 12, 6),
	(85, 'GC075', '2020-08-25', '09:00:00.000000', '', 'INBOUND', 4, 1, 'UK', '2020-08-25 14:41:00.402671', '', '2020-09-04 14:57:00', 12, 6),
	(86, 'GC076', '2020-08-24', '09:30:00.000000', '', 'INBOUND', 1, 1, 'UK', '2020-08-21 11:38:37.634290', '', '2020-09-04 14:57:00', 12, 5),
	(87, 'GC078', '2020-08-25', '10:30:00.000000', '', 'INBOUND', 4, 1, 'UK', '2020-08-25 11:03:48.855090', '', '2020-09-04 14:57:00', 12, 5),
	(88, 'GC080', '2020-08-25', '13:30:00.000000', '', 'INBOUND', 4, 1, 'UK', '2020-08-25 12:25:08.998047', '', '2020-09-04 14:57:00', 12, 5),
	(89, 'GMA070', '2020-08-20', '11:30:00.000000', '', 'INBOUND', 1, 1, 'UK', '2020-08-19 11:42:14.365908', '', '2020-09-04 14:57:00', 5, 5),
	(90, 'GMA072', '2020-08-20', '15:30:00.000000', '', 'INBOUND', 1, 1, 'UK', '2020-08-19 11:42:28.859615', '', '2020-09-04 14:57:00', 5, 5),
	(91, 'GMA074', '2020-08-21', '09:00:00.000000', '', 'INBOUND', 1, 1, 'UK', '2020-08-19 11:46:47.953338', '', '2020-09-04 14:57:00', 5, 5),
	(92, 'GMA076', '2020-08-21', '11:30:00.000000', '', 'INBOUND', 1, 1, 'UK', '2020-08-19 11:47:36.778684', '', '2020-09-04 14:57:00', 5, 5),
	(93, 'GMA078', '2020-08-21', '15:30:00.000000', '', 'INBOUND', 1, 1, 'UK', '2020-08-19 11:48:10.305496', '', '2020-09-04 14:57:00', 5, 5),
	(94, 'GMA091', '2020-08-20', '10:00:00.000000', '', 'INBOUND', 1, 1, 'UK', '2020-08-19 10:22:38.341863', '', '2020-09-04 14:57:00', 5, 6),
	(95, 'GMA093', '2020-08-20', '09:00:00.000000', '', 'INBOUND', 1, 1, 'UK', '2020-08-19 10:23:40.614166', '', '2020-09-04 14:57:00', 5, 6),
	(96, 'GMA095', '2020-08-21', '10:30:00.000000', '', 'INBOUND', 1, 1, 'UK', '2020-08-19 10:56:04.790487', '', '2020-09-04 14:57:00', 5, 6),
	(97, 'GMA097', '2020-08-21', '13:30:00.000000', '', 'INBOUND', 1, 1, 'UK', '2020-08-19 10:56:54.056965', '', '2020-09-04 14:57:00', 5, 6),
	(98, 'GMA099', '2020-08-25', '13:00:00.000000', '', 'INBOUND', 4, 1, 'UK', '2020-08-25 15:11:45.103433', '', '2020-09-04 14:57:00', 5, 6),
	(99, 'HC052', '2020-08-18', '14:00:00.000000', '', 'INBOUND', 1, 1, 'UK', '2020-08-17 17:01:43.846099', '', '2020-09-04 14:57:00', 6, 9),
	(100, 'HC054', '2020-08-20', '15:00:00.000000', '', 'INBOUND', 1, 1, 'UK', '2020-08-19 11:51:14.370136', '', '2020-09-04 14:57:00', 6, 5),
	(101, 'HC056', '2020-08-21', '08:00:00.000000', '', 'INBOUND', 1, 1, 'UK', '2020-08-19 11:44:51.878820', '', '2020-09-04 14:57:00', 6, 5),
	(102, 'HC058', '2020-08-24', '15:30:00.000000', '', 'INBOUND', 1, 1, 'UK', '2020-08-21 11:38:14.490957', '', '2020-09-04 14:57:00', 6, 5),
	(103, 'HC060', '2020-08-25', '14:00:00.000000', '', 'INBOUND', 4, 1, 'UK', '2020-08-25 11:51:22.157698', '', '2020-09-04 14:57:00', 6, 5),
	(104, 'HC061', '2020-08-20', '14:00:00.000000', '', 'INBOUND', 1, 1, 'UK', '2020-08-19 10:24:46.474332', '', '2020-09-04 14:57:00', 6, 6),
	(105, 'HC063', '2020-08-21', '15:00:00.000000', '', 'INBOUND', 1, 1, 'UK', '2020-08-19 07:54:21.960580', '', '2020-09-04 14:57:00', 6, 6),
	(106, 'HC065', '2020-08-24', '08:00:00.000000', '', 'INBOUND', 1, 0, 'UK', '2020-08-20 08:26:51.639908', '', '2020-09-04 14:57:00', 6, 6),
	(107, 'HC067', '2020-08-24', '08:00:00.000000', '', 'INBOUND', 1, 0, 'UK', '2020-08-20 08:27:14.260945', '', '2020-09-04 14:57:00', 6, 6),
	(108, 'HC069', '2020-08-24', '08:00:00.000000', '', 'INBOUND', 1, 0, 'UK', '2020-08-20 08:27:33.105658', '', '2020-09-04 14:57:00', 6, 6),
	(109, 'HC071', '2020-08-25', '14:00:00.000000', '', 'INBOUND', 4, 1, 'UK', '2020-08-25 13:22:37.554464', '', '2020-09-04 14:57:00', 6, 6),
	(110, 'PBHX4163', '2020-08-20', '07:00:00.000000', '', 'OUTBOUND', 1, 1, 'UK', '2020-08-18 15:58:52.777512', '', '2020-09-04 14:57:00', 7, 4),
	(111, 'PLBA1093', '2020-08-18', '16:00:00.000000', '', 'OUTBOUND', 1, 1, 'UK', '2020-08-17 14:31:08.865258', '', '2020-09-04 14:57:00', 7, 9),
	(112, 'PLBA2287', '2020-08-18', '18:00:00.000000', '', 'OUTBOUND', 1, 1, 'UK', '2020-08-17 14:13:13.966275', '', '2020-09-04 14:57:00', 7, 9),
	(113, 'PLBA2289', '2020-08-24', '17:30:00.000000', '', 'OUTBOUND', 1, 1, 'UK', '2020-08-21 13:56:08.953807', '', '2020-09-04 14:57:00', 7, 4),
	(114, 'SC095', '2020-08-18', '14:30:00.000000', '', 'INBOUND', 1, 1, 'UK', '2020-08-17 16:59:50.003261', '', '2020-09-04 14:57:00', 2, 9),
	(115, 'SC099', '2020-08-20', '08:30:00.000000', '', 'INBOUND', 1, 1, 'UK', '2020-08-19 10:25:27.745448', '', '2020-09-04 14:57:00', 2, 6),
	(116, 'SC101', '2020-08-21', '08:30:00.000000', '', 'INBOUND', 1, 1, 'UK', '2020-08-19 10:57:26.738308', '', '2020-09-04 14:57:00', 2, 6),
	(117, 'SC122', '2020-08-18', '08:30:00.000000', '', 'INBOUND', 1, 1, 'UK', '2020-08-17 16:59:34.526049', '', '2020-09-04 14:57:00', 2, 9),
	(118, 'SC124', '2020-08-19', '08:30:00.000000', '', 'INBOUND', 1, 1, 'UK', '2020-08-18 12:23:46.393991', '', '2020-09-04 14:57:00', 2, 5),
	(119, 'SC126', '2020-08-19', '14:30:00.000000', '', 'INBOUND', 1, 1, 'UK', '2020-08-18 12:32:57.289009', '', '2020-09-04 14:57:00', 2, 5),
	(120, 'SC128', '2020-08-24', '08:30:00.000000', '', 'INBOUND', 1, 1, 'UK', '2020-08-21 11:39:10.614037', '', '2020-09-04 14:57:00', 2, 5),
	(121, 'SC130', '2020-08-24', '14:30:00.000000', '', 'INBOUND', 1, 1, 'UK', '2020-08-21 11:39:31.554210', '', '2020-09-04 14:57:00', 2, 5),
	(122, 'SC132', '2020-08-25', '08:30:00.000000', '', 'INBOUND', 4, 1, 'UK', '2020-08-25 08:33:45.569439', '', '2020-09-04 14:57:00', 2, 5),
	(123, 'SC136', '2020-08-24', '12:00:00.000000', '', 'INBOUND', 1, 1, 'UK', '2020-08-24 12:11:08.613537', '', '2020-09-04 14:57:00', 2, 5),
	(124, 'TR016', '2020-08-19', '08:00:00.000000', '', 'INBOUND', 1, 1, 'UK', '2020-08-18 12:24:15.646975', '', '2020-09-04 14:57:00', 13, 5),
	(125, 'TR018', '2020-08-19', '10:00:00.000000', '', 'INBOUND', 1, 1, 'UK', '2020-08-18 12:24:49.244622', '', '2020-09-04 14:57:00', 13, 5),
	(126, 'TR020', '2020-08-21', '10:00:00.000000', '', 'INBOUND', 1, 1, 'UK', '2020-08-19 11:45:31.440534', '', '2020-09-04 14:57:00', 13, 5),
	(127, 'TR022', '2020-08-25', '10:00:00.000000', '', 'INBOUND', 4, 1, 'UK', '2020-08-25 08:46:17.578960', '', '2020-09-04 14:57:00', 13, 5),
	(128, 'TR023', '2020-08-18', '08:00:00.000000', '', 'INBOUND', 1, 0, 'UK', '2020-08-17 17:02:14.521323', '', '2020-09-04 14:57:00', 13, 9),
	(129, 'TR025', '2020-08-18', '11:00:00.000000', '', 'INBOUND', 1, 1, 'UK', '2020-08-17 17:02:32.194247', '', '2020-09-04 14:57:00', 13, 9),
	(130, 'TR027', '2020-08-19', '15:30:00.000000', '', 'INBOUND', 1, 1, 'UK', '2020-08-18 13:18:52.041754', '', '2020-09-04 14:57:00', 13, 6),
	(131, 'TR029', '2020-08-20', '08:00:00.000000', '', 'INBOUND', 1, 1, 'UK', '2020-08-19 10:25:53.457347', '', '2020-09-04 14:57:00', 13, 6),
	(132, 'WBHX1006', '2020-08-25', '13:00:00.000000', '', 'OUTBOUND', 4, 1, 'UK', '2020-08-25 13:45:36.338773', 'P11', '2020-09-04 14:57:00', 4, 3),
	(133, 'WBHX1153', '2020-08-18', '07:00:00.000000', '', 'OUTBOUND', 1, 1, 'UK', '2020-08-17 14:03:53.109611', '', '2020-09-04 14:57:00', 4, 9),
	(134, 'WBHX1155', '2020-08-19', '09:30:00.000000', '', 'OUTBOUND', 1, 1, 'UK', '2020-08-18 13:01:56.959689', '', '2020-09-04 14:57:00', 4, 4),
	(135, 'WBHX1157', '2020-08-24', '10:00:00.000000', '', 'OUTBOUND', 1, 1, 'UK', '2020-08-20 14:56:10.693585', '', '2020-09-04 14:57:00', 4, 4),
	(136, 'WBHX1171', '2020-08-18', '10:00:00.000000', '', 'OUTBOUND', 1, 1, 'UK', '2020-08-17 14:07:09.665828', '', '2020-09-04 14:57:00', 4, 9),
	(137, 'WBHX4281', '2020-08-20', '17:00:00.000000', '', 'OUTBOUND', 1, 1, 'UK', '2020-08-20 10:51:16.534844', '', '2020-09-04 14:57:00', 4, 4),
	(138, 'WBHX4283', '2020-08-24', '16:30:00.000000', '', 'OUTBOUND', 1, 1, 'UK', '2020-08-24 08:40:19.875868', '', '2020-09-04 14:57:00', 4, 4),
	(139, 'WEMA1159', '2020-08-19', '14:30:00.000000', '', 'OUTBOUND', 1, 1, 'UK', '2020-08-18 13:04:29.271118', '', '2020-09-04 14:57:00', 4, 4),
	(140, 'WEMA1161', '2020-08-25', '09:00:00.000000', '', 'OUTBOUND', 4, 1, 'UK', '2020-08-25 10:27:08.532318', 'P6', '2020-09-04 14:57:00', 4, 4),
	(141, 'WEMA1163', '2020-08-26', '14:30:00.000000', '', 'OUTBOUND', 3, 1, 'UK', '2020-08-26 15:23:16.323487', 'P4', '2020-09-04 14:57:00', 4, 4),
	(142, 'WLCY2153', '2020-08-19', '12:00:00.000000', '', 'OUTBOUND', 1, 1, 'UK', '2020-08-18 13:02:55.012903', '', '2020-09-04 14:57:00', 4, 4),
	(143, 'WLTN2153', '2020-08-18', '08:00:00.000000', '', 'OUTBOUND', 1, 1, 'UK', '2020-08-17 14:06:08.088624', '', '2020-09-04 14:57:00', 4, 9),
	(144, 'WLTN4010', '2020-08-25', '13:30:00.000000', '', 'OUTBOUND', 4, 1, 'UK', '2020-08-25 14:40:33.866151', 'P12', '2020-09-04 14:57:00', 4, 3),
	(145, 'WMAN3020', '2020-08-19', '16:00:00.000000', '', 'OUTBOUND', 1, 1, 'UK', '2020-08-18 13:09:03.548532', '', '2020-09-04 14:57:00', 4, 3),
	(146, 'WMME1002', '2020-08-19', '07:30:00.000000', '', 'OUTBOUND', 1, 1, 'UK', '2020-08-18 11:26:30.354074', '', '2020-09-04 14:57:00', 4, 3),
	(147, 'WMME1063', '2020-08-20', '09:30:00.000000', '', 'OUTBOUND', 1, 1, 'UK', '2020-08-19 08:54:36.889527', '', '2020-09-04 14:57:00', 4, 4),
	(148, 'WXBH1002', '2020-08-21', '10:00:00.000000', '', 'OUTBOUND', 1, 1, 'UK', '2020-08-19 14:11:39.974142', '', '2020-09-04 14:57:00', 4, 3),
	(154, 'WBHX1159', '2020-08-26', '08:00:00.000000', '', 'OUTBOUND', 4, 1, 'UK', '2020-08-26 07:52:00.506487', '', '2020-09-04 14:57:00', 4, 4),
	(155, 'WBHX4285', '2020-08-27', '15:00:00.000000', '', 'OUTBOUND', 4, 1, 'UK', '2020-08-27 15:37:03.515057', '', '2020-09-04 14:57:00', 4, 4),
	(156, 'HC073', '2020-08-26', '08:00:00.000000', '', 'INBOUND', 1, 0, 'UK', '2020-08-25 03:20:49.345146', '', '2020-09-04 14:57:00', 6, 6),
	(157, 'HC075', '2020-08-26', '08:00:00.000000', '', 'INBOUND', 1, 0, 'UK', '2020-08-25 03:21:01.101182', '', '2020-09-04 14:57:00', 6, 6),
	(158, 'HC077', '2020-08-26', '08:00:00.000000', '', 'INBOUND', 3, 1, 'UK', '2020-08-26 15:22:50.274837', '', '2020-09-04 14:57:00', 6, 6),
	(159, 'TR031', '2020-08-26', '15:00:00.000000', '', 'INBOUND', 2, 1, 'UK', '2020-08-26 15:23:37.622312', '', '2020-09-04 14:57:00', 13, 6),
	(160, 'SC105', '2020-08-26', '08:30:00.000000', '', 'INBOUND', 4, 1, 'UK', '2020-08-26 08:59:11.129488', '', '2020-09-04 14:57:00', 2, 6),
	(161, 'SC134', '2020-08-25', '15:00:00.000000', '', 'INBOUND', 4, 1, 'UK', '2020-08-25 13:45:46.219166', '', '2020-09-04 14:57:00', 2, 5),
	(162, 'SC140', '2020-08-26', '14:30:00.000000', '', 'INBOUND', 4, 1, 'UK', '2020-08-26 15:23:05.819614', '', '2020-09-04 14:57:00', 2, 5),
	(163, 'DCGRD-BHX40133', '2020-08-26', '16:00:00.000000', 'LXZ', 'OUTBOUND', 4, 1, 'UK', '2020-08-26 15:23:44.211368', 'P1', '2020-09-04 14:57:00', 1, 13),
	(164, 'DCGBHX40143', '2020-08-26', '09:00:00.000000', 'LZF', 'OUTBOUND', 4, 1, 'UK', '2020-08-26 07:52:08.977032', '', '2020-09-04 14:57:00', 1, 13),
	(165, 'DCGBHX40145', '2020-08-26', '12:30:00.000000', 'LBP', 'OUTBOUND', 4, 1, 'UK', '2020-08-26 07:51:53.638972', '', '2020-09-04 14:57:00', 1, 13),
	(166, 'DCGDCG094', '2020-08-26', '11:00:00.000000', 'LXZ', 'INBOUND', 4, 1, 'UK', '2020-08-26 08:59:18.410017', '', '2020-09-04 14:57:00', 1, 13),
	(167, 'DCGDCG092 ', '2020-08-26', '15:30:00.000000', 'LXZ', 'INBOUND', 4, 1, 'UK', '2020-08-26 15:24:00.009913', '', '2020-09-04 14:57:00', 1, 13),
	(168, 'HC079', '2020-08-27', '08:00:00.000000', '', 'INBOUND', 4, 1, 'UK', '2020-08-27 08:29:33.939057', '', '2020-09-04 14:57:00', 6, 6),
	(169, 'HC081', '2020-08-27', '08:00:00.000000', '', 'INBOUND', 4, 1, 'UK', '2020-08-27 15:10:27.842452', '', '2020-09-04 14:57:00', 6, 6),
	(170, 'SC107', '2020-08-27', '14:30:00.000000', '', 'INBOUND', 4, 1, 'UK', '2020-08-27 14:22:04.270408', '', '2020-09-04 14:57:00', 2, 6),
	(171, 'GC077', '2020-08-26', '10:00:00.000000', '', 'INBOUND', 1, 1, 'UK', '2020-08-25 09:23:21.380447', '', '2020-09-04 14:57:00', 12, 6),
	(172, 'GC079', '2020-08-26', '11:30:00.000000', '', 'INBOUND', 4, 1, 'UK', '2020-08-26 11:58:41.687383', '', '2020-09-04 14:57:00', 12, 6),
	(173, 'DCGBHX4718 ', '2020-08-26', '15:00:00.000000', 'LZF', 'OUTBOUND', 4, 1, 'UK', '2020-08-26 15:23:23.217089', 'P7', '2020-09-04 14:57:00', 1, 13),
	(174, 'DCGDCMAN4064', '2020-08-26', '15:30:00.000000', 'LCO', 'OUTBOUND', 4, 1, 'UK', '2020-08-26 15:23:30.015166', '', '2020-09-04 14:57:00', 1, 13),
	(175, 'WBHX4144', '2020-08-26', '12:00:00.000000', '', 'OUTBOUND', 3, 1, 'UK', '2020-08-26 12:49:06.005089', 'P9', '2020-09-04 14:57:00', 4, 3),
	(176, 'WHX4146', '2020-08-27', '12:00:00.000000', '', 'OUTBOUND', 4, 1, 'UK', '2020-08-27 13:18:53.892126', 'P6', '2020-09-04 14:57:00', 4, 3),
	(177, 'EXLCY2022', '2020-08-26', '10:00:00.000000', '', 'OUTBOUND', 4, 1, 'UK', '2020-08-26 10:01:35.000736', 'P3', '2020-09-04 14:57:00', 3, 3),
	(178, 'EXMAN4022', '2020-08-26', '11:00:00.000000', '', 'OUTBOUND', 4, 1, 'UK', '2020-08-26 10:01:42.650228', 'P11', '2020-09-04 14:57:00', 3, 3),
	(179, 'EXMAN2020', '2020-08-27', '13:00:00.000000', '', 'OUTBOUND', 4, 1, 'UK', '2020-08-27 08:01:59.685897', '', '2020-09-04 14:57:00', 3, 3),
	(180, 'GC082', '2020-08-26', '10:30:00.000000', '', 'INBOUND', 4, 1, 'UK', '2020-08-26 08:59:41.099535', '', '2020-09-04 14:57:00', 12, 5),
	(181, 'DCGDCG096', '2020-08-27', '11:00:00.000000', 'LXZ', 'INBOUND', 4, 1, 'UK', '2020-08-27 09:06:27.795592', '', '2020-09-04 14:57:00', 1, 13),
	(182, 'DCGDCG098', '2020-08-27', '15:00:00.000000', 'LXZ', 'INBOUND', 4, 1, 'UK', '2020-08-27 13:19:32.760125', '', '2020-09-04 14:57:00', 1, 13),
	(183, 'DCGBHX4720', '2020-08-27', '06:00:00.000000', 'LYA', 'OUTBOUND', 1, 1, 'UK', '2020-08-26 05:55:49.598116', '', '2020-09-04 14:57:00', 1, 13),
	(184, 'DCGBHX40147', '2020-08-27', '08:00:00.000000', 'LTV', 'OUTBOUND', 4, 1, 'UK', '2020-08-27 07:46:40.957049', '', '2020-09-04 14:57:00', 1, 13),
	(185, 'DCGLBA2082', '2020-08-27', '14:00:00.000000', 'LBP', 'OUTBOUND', 4, 1, 'UK', '2020-08-27 13:18:33.595039', '', '2020-09-04 14:57:00', 1, 13),
	(186, 'DCGBHX40149', '2020-08-27', '14:00:00.000000', 'LZF', 'OUTBOUND', 4, 1, 'UK', '2020-08-27 15:10:20.234366', 'P11', '2020-09-04 14:57:00', 1, 13),
	(187, 'DCGXBH1091', '2020-08-27', '09:00:00.000000', 'LCO', 'OUTBOUND', 4, 1, 'UK', '2020-08-27 09:06:20.546144', 'P3', '2020-09-04 14:57:00', 1, 13),
	(188, 'HC083', '2020-08-28', '08:00:00.000000', '', 'INBOUND', 1, 0, 'UK', '2020-08-26 06:40:52.631838', '', '2020-09-04 14:57:00', 6, 6),
	(189, 'HC085', '2020-08-28', '08:00:00.000000', '', 'INBOUND', 4, 1, 'UK', '2020-08-28 16:20:31.493696', '', '2020-09-04 14:57:00', 6, 6),
	(190, 'GMA103', '2020-08-28', '11:00:00.000000', '', 'INBOUND', 4, 1, 'UK', '2020-08-28 11:07:12.750372', '', '2020-09-04 14:57:00', 5, 6),
	(191, 'SC109', '2020-08-28', '08:30:00.000000', '', 'INBOUND', 4, 1, 'UK', '2020-08-28 09:26:46.093585', '', '2020-09-04 14:57:00', 2, 6),
	(192, 'DCGDCG100', '2020-08-27', '18:00:00.000000', 'LXX', 'INBOUND', 4, 1, 'UK', '2020-08-27 16:13:09.049306', '', '2020-09-04 14:57:00', 1, 13),
	(193, 'GC083', '2020-08-29', '10:00:00.000000', '', 'INBOUND', 1, 1, 'UK', '2020-08-26 10:11:39.919276', '', '2020-09-04 14:57:00', 12, 6),
	(194, 'DCGEMA1024', '2020-08-27', '16:00:00.000000', 'LXZ', 'OUTBOUND', 4, 1, 'UK', '2020-08-27 16:13:02.438744', 'P8', '2020-09-04 14:57:00', 1, 13),
	(195, 'DCGBHX4722', '2020-08-27', '14:30:00.000000', 'LXX', 'OUTBOUND', 1, 1, 'UK', '2020-08-27 07:48:51.770001', 'P7', '2020-09-04 14:57:00', 1, 13),
	(196, 'GMA086', '2020-08-27', '09:30:00.000000', '', 'INBOUND', 4, 1, 'UK', '2020-08-27 09:25:11.822566', '', '2020-09-04 14:57:00', 5, 5),
	(197, 'SC138', '2020-08-27', '08:30:00.000000', '', 'INBOUND', 4, 1, 'UK', '2020-08-27 08:05:47.631787', '', '2020-09-04 14:57:00', 2, 5),
	(198, 'GC084', '2020-08-27', '10:30:00.000000', '', 'INBOUND', 4, 1, 'UK', '2020-08-27 11:49:05.546226', '', '2020-09-04 14:57:00', 12, 5),
	(199, 'TR024', '2020-09-01', '10:30:00.000000', '', 'INBOUND', 4, 1, 'UK', '2020-09-01 09:42:00.856544', '', '2020-09-04 14:57:00', 13, 5),
	(200, 'HC062', '2020-08-28', '14:00:00.000000', '', 'INBOUND', 1, 1, 'UK', '2020-08-26 11:41:00.315355', '', '2020-09-04 14:57:00', 6, 5),
	(201, 'BR014', '2020-08-28', '10:00:00.000000', '', 'INBOUND', 4, 1, 'UK', '2020-08-28 13:04:12.664676', '', '2020-09-04 14:57:00', 8, 5),
	(202, 'BR016', '2020-08-28', '16:00:00.000000', '', 'INBOUND', 2, 1, 'UK', '2020-08-28 16:03:42.541410', '', '2020-09-04 14:57:00', 8, 5),
	(203, 'GMA088', '2020-08-28', '09:00:00.000000', '', 'INBOUND', 4, 1, 'UK', '2020-08-28 09:26:55.085165', '', '2020-09-04 14:57:00', 5, 5),
	(204, 'GC086', '2020-08-29', '08:00:00.000000', '', 'INBOUND', 1, 1, 'UK', '2020-08-26 11:44:29.682246', '', '2020-09-04 14:57:00', 12, 5),
	(205, 'GC088', '2020-08-29', '09:00:00.000000', '', 'INBOUND', 1, 1, 'UK', '2020-08-26 11:44:50.904203', '', '2020-09-04 14:57:00', 12, 5),
	(206, 'WBHX2020', '2020-08-28', '12:00:00.000000', '', 'OUTBOUND', 4, 1, 'UK', '2020-09-02 15:01:37.171428', '', '2020-09-04 14:57:00', 4, 3),
	(207, 'DCGUKDCG023868', '2020-08-27', '11:00:00.000000', '', 'OUTBOUND', 4, 1, 'UK', '2020-08-27 11:14:57.008461', '', '2020-09-04 14:57:00', 1, 5),
	(208, 'DCGLBA1034', '2020-08-27', '15:30:00.000000', 'LXZ', 'OUTBOUND', 1, 1, 'UK', '2020-08-26 13:44:56.572866', '', '2020-09-04 14:57:00', 1, 13),
	(209, 'EXEMA1014', '2020-08-28', '07:00:00.000000', '', 'OUTBOUND', 4, 1, 'UK', '2020-08-28 09:48:36.652896', '', '2020-09-04 14:57:00', 3, 3),
	(210, 'DCGWBHX4018', '2020-08-27', '13:30:00.000000', '', 'OUTBOUND', 1, 1, 'UK', '2020-08-26 14:48:21.088848', '', '2020-09-04 14:57:00', 1, 5),
	(211, 'EXEUK5006', '2020-08-27', '13:30:00.000000', '', 'OUTBOUND', 1, 1, 'UK', '2020-08-26 16:33:17.460474', '', '2020-09-04 14:57:00', 3, 3),
	(212, 'EXMAN4024', '2020-08-27', '12:30:00.000000', '', 'OUTBOUND', 4, 1, 'UK', '2020-08-27 13:18:42.167760', '', '2020-09-04 14:57:00', 3, 3),
	(213, 'EXCWL1065', '2020-08-27', '12:00:00.000000', '', 'OUTBOUND', 4, 1, 'UK', '2020-08-27 13:57:28.888462', '', '2020-09-04 14:57:00', 3, 3),
	(214, 'EXBHX4184', '2020-08-28', '07:00:00.000000', '', 'OUTBOUND', 4, 1, 'UK', '2020-08-28 10:21:19.043036', '', '2020-09-04 14:57:00', 3, 3),
	(215, 'GC0901111', '2020-08-29', '11:00:00.000000', '', 'INBOUND', 1, 1, 'UK', '2020-08-27 06:17:56.174093', '', '2020-09-04 14:57:00', 12, 5),
	(216, 'DCGBHX4724', '2020-08-28', '06:00:00.000000', 'LXX', 'OUTBOUND', 4, 1, 'UK', '2020-08-28 07:42:11.110354', '', '2020-09-04 14:57:00', 1, 13),
	(217, 'DCGDCG102', '2020-08-28', '17:30:00.000000', 'LXX', 'INBOUND', 1, 1, 'UK', '2020-08-27 07:45:19.034161', '', '2020-09-04 14:57:00', 1, 13),
	(218, 'DCGLCY2040', '2020-08-28', '08:00:00.000000', 'LBP', 'OUTBOUND', 4, 1, 'UK', '2020-08-28 08:07:26.954438', '', '2020-09-04 14:57:00', 1, 13),
	(219, 'DCGDCG075 ', '2020-08-28', '15:00:00.000000', 'LBP', 'INBOUND', 1, 1, 'UK', '2020-08-27 07:46:50.396630', '', '2020-09-04 14:57:00', 1, 13),
	(220, 'SC111', '2020-08-29', '08:30:00.000000', '', 'INBOUND', 1, 1, 'UK', '2020-08-27 08:12:23.133169', '', '2020-09-04 14:57:00', 2, 6),
	(221, 'DCGBHX4012', '2020-08-28', '08:00:00.000000', '', 'INBOUND', 4, 1, 'UK', '2020-08-28 13:21:36.570230', '', '2020-09-04 14:57:00', 1, 13),
	(222, 'DCGBHX4012  ', '2020-08-28', '14:00:00.000000', 'LCO', 'OUTBOUND', 4, 1, 'UK', '2020-08-28 13:21:42.602995', '', '2020-09-04 14:57:00', 1, 13),
	(223, 'DCGBHX2152', '2020-08-28', '14:30:00.000000', 'LXX', 'OUTBOUND', 4, 1, 'UK', '2020-08-28 16:20:38.287320', '', '2020-09-04 14:57:00', 1, 13),
	(224, 'DCGBHX2028', '2020-08-28', '11:00:00.000000', 'LXZ', 'OUTBOUND', 4, 1, 'UK', '2020-08-28 11:06:53.743024', '', '2020-09-04 14:57:00', 1, 13),
	(225, 'HC089', '2020-09-01', '14:00:00.000000', '', 'INBOUND', 4, 1, 'UK', '2020-09-01 16:13:40.610426', '', '2020-09-04 14:57:00', 6, 6),
	(226, 'GC081', '2020-08-27', '11:30:00.000000', '', 'INBOUND', 4, 1, 'UK', '2020-08-27 14:38:48.390615', '', '2020-09-04 14:57:00', 12, 6),
	(227, 'GMA105', '2020-08-28', '12:30:00.000000', '', 'INBOUND', 4, 1, 'UK', '2020-08-28 10:21:25.598766', '', '2020-09-04 14:57:00', 5, 6),
	(228, 'DCGBRS1014', '2020-08-28', '20:30:00.000000', 'LZF', 'OUTBOUND', 4, 1, 'UK', '2020-09-02 15:06:58.634072', '', '2020-09-04 14:57:00', 1, 13),
	(229, 'BR018', '2020-08-28', '13:30:00.000000', '', 'INBOUND', 4, 1, 'UK', '2020-08-28 15:41:15.503568', '', '2020-09-04 14:57:00', 8, 5),
	(230, 'DCGBHX2154 ', '2020-08-28', '16:00:00.000000', 'LBP', 'OUTBOUND', 4, 1, 'UK', '2020-09-02 15:06:42.862400', '', '2020-09-04 14:57:00', 1, 13),
	(231, 'DCGLBA2084', '2020-08-29', '07:00:00.000000', 'LYA', 'OUTBOUND', 1, 1, 'UK', '2020-08-27 13:30:36.615090', '', '2020-09-04 14:57:00', 1, 13),
	(232, 'DCGRD-BHX4720', '2020-08-28', '14:30:00.000000', 'LBP', 'OUTBOUND', 4, 1, 'UK', '2020-09-02 15:06:13.443250', '', '2020-09-04 14:57:00', 1, 13),
	(233, 'EXXBH1020', '2020-08-28', '16:30:00.000000', '', 'OUTBOUND', 4, 1, 'UK', '2020-09-02 15:06:31.902077', '', '2020-09-04 14:57:00', 3, 3),
	(234, 'DCGBHX4726', '2020-08-28', '17:00:00.000000', 'DK17 LZF', 'INBOUND', 1, 1, 'UK', '2020-08-27 14:23:38.897026', '', '2020-09-04 14:57:00', 1, 16),
	(235, 'EXMAN3012', '2020-09-01', '09:00:00.000000', '', 'OUTBOUND', 4, 1, 'UK', '2020-09-01 09:15:09.054437', 'P4', '2020-09-04 14:57:00', 3, 3),
	(236, 'HC091', '2020-09-01', '15:00:00.000000', '', 'INBOUND', 4, 1, 'UK', '2020-09-01 12:28:55.890250', '', '2020-09-04 14:57:00', 6, 6),
	(237, 'SC113', '2020-09-02', '08:30:00.000000', '', 'INBOUND', 4, 1, 'UK', '2020-09-02 08:13:52.651165', '', '2020-09-04 14:57:00', 2, 6),
	(238, 'GC085', '2020-09-01', '09:00:00.000000', '', 'INBOUND', 4, 1, 'UK', '2020-09-01 12:28:49.354665', '', '2020-09-04 14:57:00', 12, 6),
	(239, 'GC087', '2020-09-01', '10:00:00.000000', '', 'INBOUND', 4, 1, 'UK', '2020-09-01 14:40:06.296916', '', '2020-09-04 14:57:00', 12, 6),
	(240, 'GMA107', '2020-09-02', '11:00:00.000000', '', 'INBOUND', 4, 1, 'UK', '2020-09-02 13:19:59.321115', '', '2020-09-04 14:57:00', 5, 6),
	(241, 'DCGBHX4014', '2020-09-01', '06:00:00.000000', 'LXX', 'OUTBOUND', 4, 1, 'UK', '2020-09-02 14:59:11.793961', '', '2020-09-04 14:57:00', 1, 13),
	(242, 'DCGBHX4016', '2020-09-01', '06:00:00.000000', 'LXZ', 'OUTBOUND', 4, 1, 'UK', '2020-09-02 15:00:16.268696', '', '2020-09-04 14:57:00', 1, 13),
	(243, 'SC142', '2020-09-01', '08:30:00.000000', '', 'INBOUND', 4, 1, 'UK', '2020-09-01 13:59:08.187398', '', '2020-09-04 14:57:00', 2, 5),
	(244, 'SC144', '2020-09-01', '14:30:00.000000', '', 'INBOUND', 3, 1, 'UK', '2020-09-01 16:24:09.944174', '', '2020-09-04 14:57:00', 2, 5),
	(245, 'DCGBHX4730', '2020-09-01', '07:00:00.000000', 'LTV', 'OUTBOUND', 4, 1, 'UK', '2020-09-02 15:00:32.102972', '', '2020-09-04 14:57:00', 1, 13),
	(246, 'DCGBHX4728', '2020-09-01', '09:30:00.000000', 'LYA', 'OUTBOUND', 4, 1, 'UK', '2020-09-01 08:42:04.204422', 'P1', '2020-09-04 14:57:00', 1, 13),
	(247, 'GMA090', '2020-09-01', '09:30:00.000000', '', 'INBOUND', 4, 1, 'UK', '2020-09-01 10:37:06.610874', '', '2020-09-04 14:57:00', 5, 5),
	(248, 'HC066', '2020-09-01', '08:00:00.000000', '', 'INBOUND', 4, 1, 'UK', '2020-09-01 10:38:15.726982', '', '2020-09-04 14:57:00', 6, 5),
	(249, 'DCGBHX4732', '2020-09-01', '14:00:00.000000', 'LCO', 'OUTBOUND', 4, 1, 'UK', '2020-09-01 14:39:49.838548', 'P8', '2020-09-04 14:57:00', 1, 13),
	(250, 'DCGBHX1002', '2020-09-01', '11:30:00.000000', 'LZF', 'OUTBOUND', 4, 1, 'UK', '2020-09-01 11:00:00.385953', 'P6', '2020-09-04 14:57:00', 1, 13),
	(251, 'DCGBHX4018', '2020-09-01', '08:30:00.000000', 'LBP', 'OUTBOUND', 4, 1, 'UK', '2020-09-01 09:15:15.427624', 'P9', '2020-09-04 14:57:00', 1, 13),
	(252, 'DCGBHX2030', '2020-09-01', '15:00:00.000000', 'LBP', 'OUTBOUND', 4, 1, 'UK', '2020-09-01 16:13:47.058277', 'DPD', '2020-09-04 14:57:00', 1, 13),
	(253, 'EXBHX2048', '2020-09-01', '07:00:00.000000', '', 'OUTBOUND', 4, 1, 'UK', '2020-09-01 10:37:11.821425', 'P5', '2020-09-04 14:57:00', 3, 3),
	(254, 'EXBHX1016', '2020-09-02', '07:00:00.000000', '', 'OUTBOUND', 4, 1, 'UK', '2020-09-02 13:08:54.900975', '', '2020-09-04 14:57:00', 3, 3),
	(255, 'DCGBHX4020', '2020-09-01', '20:30:00.000000', 'LYA', 'OUTBOUND', 1, 1, 'UK', '2020-09-01 07:40:24.887604', 'W0', '2020-09-04 14:57:00', 1, 13),
	(256, 'EXMME1012', '2020-09-02', '12:30:00.000000', '', 'OUTBOUND', 4, 1, 'UK', '2020-09-02 14:47:50.442338', '', '2020-09-04 14:57:00', 3, 3),
	(257, 'HC093', '2020-09-02', '14:00:00.000000', '', 'INBOUND', 4, 1, 'UK', '2020-09-02 22:25:13.317606', '', '2020-09-04 14:57:00', 6, 6),
	(258, 'GC089', '2020-09-02', '10:00:00.000000', '', 'INBOUND', 4, 1, 'UK', '2020-09-02 14:31:42.800541', '', '2020-09-04 14:57:00', 12, 6),
	(259, 'GC091', '2020-09-02', '11:30:00.000000', '', 'INBOUND', 4, 1, 'UK', '2020-09-02 14:47:44.367014', '', '2020-09-04 14:57:00', 12, 6),
	(260, 'TR035', '2020-09-02', '15:30:00.000000', '', 'INBOUND', 4, 1, 'UK', '2020-09-02 15:19:24.118457', '', '2020-09-04 14:57:00', 13, 6),
	(261, 'HC095', '2020-09-02', '15:00:00.000000', '', 'INBOUND', 4, 1, 'UK', '2020-09-02 15:43:06.031391', '', '2020-09-04 14:57:00', 6, 6),
	(262, 'TR033', '2020-09-01', '13:00:00.000000', '', 'INBOUND', 4, 1, 'UK', '2020-09-01 12:54:22.070806', '', '2020-09-04 14:57:00', 13, 6),
	(263, 'GMA109', '2020-09-03', '11:00:00.000000', '', 'INBOUND', 4, 1, 'UK', '2020-09-03 11:29:50.070079', '', '2020-09-04 14:57:00', 5, 6),
	(264, 'HC064', '2020-09-03', '11:30:00.000000', '', 'INBOUND', 4, 1, 'UK', '2020-09-03 10:57:13.908491', '', '2020-09-04 14:57:00', 6, 5),
	(265, 'DCGBHX4022', '2020-09-01', '14:30:00.000000', 'LXX', 'OUTBOUND', 4, 1, 'UK', '2020-09-01 13:20:02.193552', '', '2020-09-04 14:57:00', 1, 13),
	(266, 'DCGMAN4066', '2020-09-02', '15:00:00.000000', 'LCO', 'OUTBOUND', 4, 1, 'UK', '2020-09-02 13:20:44.984301', '', '2020-09-04 14:57:00', 1, 13),
	(267, 'DCGBHX4734', '2020-09-02', '15:30:00.000000', 'LZF', 'OUTBOUND', 4, 1, 'UK', '2020-09-02 15:05:15.373155', '', '2020-09-04 14:57:00', 1, 13),
	(268, 'DCGEMA1026', '2020-09-02', '07:00:00.000000', 'LXZ', 'OUTBOUND', 4, 1, 'UK', '2020-09-02 13:09:01.286703', '', '2020-09-04 14:57:00', 1, 13),
	(269, 'DCGMAN4006', '2020-09-02', '20:00:00.000000', 'LTV', 'OUTBOUND', 4, 1, 'UK', '2020-09-02 13:20:13.830330', '', '2020-09-04 14:57:00', 1, 13),
	(270, 'TR037', '2020-09-03', '15:30:00.000000', '', 'INBOUND', 2, 1, 'UK', '2020-09-03 13:26:14.386567', '', '2020-09-04 14:57:00', 13, 6),
	(271, 'GC093', '2020-09-03', '09:00:00.000000', '', 'INBOUND', 4, 1, 'UK', '2020-09-03 12:15:19.787133', '', '2020-09-04 14:57:00', 12, 6),
	(272, 'SC115', '2020-09-03', '08:30:00.000000', '', 'INBOUND', 4, 1, 'UK', '2020-09-03 08:03:22.843344', '', '2020-09-04 14:57:00', 2, 6),
	(273, 'GC095', '2020-09-03', '10:30:00.000000', '', 'INBOUND', 1, 1, 'UK', '2020-09-01 09:02:02.656312', '', '2020-09-04 14:57:00', 12, 6),
	(274, 'DCGMAN4004', '2020-09-02', '19:00:00.000000', 'LYA', 'OUTBOUND', 4, 1, 'UK', '2020-09-03 08:04:00.536690', '', '2020-09-04 14:57:00', 1, 13),
	(276, 'GC097', '2020-09-03', '06:00:00.000000', '', 'INBOUND', 4, 1, 'UK', '2020-09-03 10:46:38.322264', '', '2020-09-04 14:57:00', 12, 6),
	(277, 'DCGBHX40151', '2020-09-02', '07:30:00.000000', '', 'OUTBOUND', 4, 1, 'UK', '2020-09-02 13:09:05.516739', '', '2020-09-04 14:57:00', 1, 13),
	(278, 'DCGBHX40153', '2020-09-02', '14:00:00.000000', 'LCO', 'OUTBOUND', 4, 1, 'UK', '2020-09-02 13:49:04.202329', '', '2020-09-04 14:57:00', 1, 13),
	(279, 'IM01', '2020-09-04', '09:00:00.000000', '', 'INBOUND', 1, 1, 'UK', '2020-09-01 10:55:22.336772', '', '2020-09-04 14:57:00', 14, 6),
	(280, 'GMA092', '2020-09-02', '08:00:00.000000', '', 'INBOUND', 4, 1, 'UK', '2020-09-02 08:29:21.275253', '', '2020-09-04 14:57:00', 5, 5),
	(281, 'SC146', '2020-09-02', '14:30:00.000000', '', 'INBOUND', 4, 1, 'UK', '2020-09-02 13:49:12.612243', '', '2020-09-04 14:57:00', 2, 5),
	(282, 'HC068', '2020-09-03', '13:00:00.000000', '', 'INBOUND', 4, 1, 'UK', '2020-09-03 11:56:06.661539', '', '2020-09-04 14:57:00', 6, 5),
	(283, 'HC074', '2020-09-04', '08:00:00.000000', '', 'INBOUND', 1, 1, 'UK', '2020-09-02 14:59:35.331968', '', '2020-09-04 14:57:00', 6, 5),
	(284, 'DCGDCG104', '2020-09-02', '17:00:00.000000', 'LYA', 'INBOUND', 4, 1, 'UK', '2020-09-03 08:03:51.838764', '', '2020-09-04 14:57:00', 1, 13),
	(285, 'DCGBHX40155', '2020-09-03', '16:00:00.000000', 'LYA', 'OUTBOUND', 4, 1, 'UK', '2020-09-03 07:36:26.343712', '', '2020-09-04 14:57:00', 1, 13),
	(286, 'DCGBHX4736', '2020-09-03', '06:00:00.000000', 'LXZ', 'OUTBOUND', 4, 1, 'UK', '2020-09-03 05:42:52.929877', '', '2020-09-04 14:57:00', 1, 13),
	(287, 'DCGBHX4738', '2020-09-03', '17:00:00.000000', 'LTV', 'OUTBOUND', 4, 1, 'UK', '2020-09-03 13:26:37.786989', '', '2020-09-04 14:57:00', 1, 13),
	(288, 'DCGLBA1085', '2020-09-03', '16:00:00.000000', 'LYA', 'OUTBOUND', 1, 1, 'UK', '2020-09-02 09:58:51.896436', '', '2020-09-04 14:57:00', 1, 13),
	(289, 'DCGBHX4740', '2020-09-02', '14:30:00.000000', 'LZF', 'OUTBOUND', 4, 1, 'UK', '2020-09-02 15:05:04.619339', '', '2020-09-04 14:57:00', 1, 13),
	(290, 'SC117', '2020-09-04', '08:30:00.000000', '', 'INBOUND', 1, 1, 'UK', '2020-09-02 10:08:45.098003', '', '2020-09-04 14:57:00', 2, 6),
	(291, 'GMA111', '2020-09-04', '11:00:00.000000', '', 'INBOUND', 1, 1, 'UK', '2020-09-02 10:09:11.110260', '', '2020-09-04 14:57:00', 5, 6),
	(292, 'DCGLCY2002', '2020-09-03', '09:00:00.000000', 'LBP', 'OUTBOUND', 3, 1, 'UK', '2020-09-03 13:26:06.777140', '', '2020-09-04 14:57:00', 1, 13),
	(293, 'DCGLBA2086', '2020-09-03', '14:00:00.000000', 'LCO', 'OUTBOUND', 4, 1, 'UK', '2020-09-03 07:36:18.423721', '', '2020-09-04 14:57:00', 1, 13),
	(294, 'DCGBHX2050', '2020-09-03', '09:30:00.000000', '', 'OUTBOUND', 4, 1, 'UK', '2020-09-03 12:14:27.664245', '', '2020-09-04 14:57:00', 1, 3),
	(295, 'EXMAN1012', '2020-09-03', '10:00:00.000000', '', 'OUTBOUND', 4, 1, 'UK', '2020-09-03 08:02:07.073324', '', '2020-09-04 14:57:00', 3, 3),
	(296, 'TR026', '2020-09-03', '10:00:00.000000', '', 'INBOUND', 4, 1, 'UK', '2020-09-03 08:35:05.306479', '', '2020-09-04 14:57:00', 13, 5),
	(297, 'HC070', '2020-09-03', '15:00:00.000000', '', 'INBOUND', 1, 1, 'UK', '2020-09-03 09:21:25.240680', '', '2020-09-04 14:57:00', 6, 5),
	(298, 'HC072', '2020-09-03', '14:00:00.000000', '', 'INBOUND', 1, 1, 'UK', '2020-09-03 02:25:58.326390', '', '2020-09-04 14:57:00', 6, 5),
	(299, 'EXBHX4186', '2020-09-03', '13:00:00.000000', '', 'OUTBOUND', 1, 1, 'UK', '2020-09-03 12:02:51.182131', 'P9/10', '2020-09-04 14:57:00', 3, 3),
	(300, 'WMAN4024', '2020-09-04', '09:00:00.000000', '', 'OUTBOUND', 1, 1, 'UK', '2020-09-02 15:00:11.535826', '', '2020-09-04 14:57:00', 4, 3),
	(301, 'WMAN2016', '2020-09-03', '17:00:00.000000', '', 'OUTBOUND', 1, 1, 'UK', '2020-09-02 15:01:08.822690', '', '2020-09-04 14:57:00', 4, 3),
	(302, 'PLBA2293', '2020-09-03', '08:30:00.000000', '', 'OUTBOUND', 4, 1, 'UK', '2020-09-03 08:31:02.027050', '', '2020-09-04 14:57:00', 7, 4),
	(303, 'WBHX4287', '2020-09-03', '15:00:00.000000', '', 'OUTBOUND', 1, 1, 'UK', '2020-09-02 15:43:19.463325', '', '2020-09-04 14:57:00', 4, 4),
	(304, 'EXLTN2051', '2020-09-03', '11:00:00.000000', '', 'OUTBOUND', 4, 1, 'UK', '2020-09-03 09:52:05.920121', '', '2020-09-04 14:57:00', 3, 4),
	(305, 'SC119', '2020-09-04', '14:30:00.000000', '', 'INBOUND', 1, 1, 'UK', '2020-09-03 02:25:07.296652', '', '2020-09-04 14:57:00', 2, 6),
	(307, 'WMAN2001', '2020-09-04', '09:30:00.000000', '', 'OUTBOUND', 1, 1, 'UK', '2020-09-03 06:41:20.534845', 'Re-CN-WMAN2001', '2020-09-04 14:57:00', 4, 10),
	(308, 'DCGBHX40157', '2020-09-03', '15:30:00.000000', 'LXZ', 'OUTBOUND', 1, 1, 'UK', '2020-09-03 07:41:23.380548', '', '2020-09-04 14:57:00', 1, 13),
	(309, 'DCGBHX2156', '2020-09-05', '07:00:00.000000', 'LXZ', 'INBOUND', 1, 1, 'UK', '2020-09-03 07:44:35.663574', '', '2020-09-04 14:57:00', 1, 13),
	(310, 'DCGBHX2225 ', '2020-09-04', '11:00:00.000000', 'LZF', 'OUTBOUND', 1, 1, 'UK', '2020-09-03 07:46:15.238500', '', '2020-09-04 14:57:00', 1, 13),
	(311, 'DCGDCG077A', '2020-09-04', '14:00:00.000000', 'LBP', 'INBOUND', 1, 1, 'UK', '2020-09-03 07:46:55.491930', '', '2020-09-04 14:57:00', 1, 13),
	(312, 'DCGDCG079 ', '2020-09-04', '16:30:00.000000', 'LBP', 'INBOUND', 1, 1, 'UK', '2020-09-03 07:47:43.713359', '', '2020-09-04 14:57:00', 1, 13),
	(313, 'DCGBHX40159', '2020-09-04', '08:00:00.000000', 'LXX', 'OUTBOUND', 1, 1, 'UK', '2020-09-03 07:48:29.825318', '', '2020-09-04 14:57:00', 1, 13),
	(314, 'DCGLCY2093', '2020-09-04', '07:00:00.000000', 'LXZ', 'OUTBOUND', 1, 1, 'UK', '2020-09-03 07:49:17.584938', '', '2020-09-04 14:57:00', 1, 13),
	(315, 'WBHX4289', '2020-09-04', '10:00:00.000000', '', 'OUTBOUND', 1, 1, 'UK', '2020-09-03 09:00:12.612231', '', '2020-09-04 14:57:00', 4, 4),
	(316, 'WBHX4291', '2020-09-04', '10:30:00.000000', '', 'OUTBOUND', 1, 1, 'UK', '2020-09-03 09:00:39.760470', '', '2020-09-04 14:57:00', 4, 4),
	(317, 'WBHX4293', '2020-09-04', '10:30:00.000000', '', 'OUTBOUND', 1, 1, 'UK', '2020-09-03 09:01:52.128434', '', '2020-09-04 14:57:00', 4, 4),
	(319, 'DCGEMA1028 ', '2020-09-04', '16:30:00.000000', 'TBC', 'OUTBOUND', 1, 1, 'UK', '2020-09-03 13:12:58.124442', '', '2020-09-04 14:57:00', 1, 16),
	(320, 'DCGLTN4010 ', '2020-09-04', '16:00:00.000000', 'DK17 LCO', 'OUTBOUND', 1, 1, 'UK', '2020-09-03 13:14:17.008380', '', '2020-09-04 14:57:00', 1, 16),
	(321, 'EXMAN3014', '2020-09-04', '07:30:00.000000', '', 'OUTBOUND', 1, 1, 'UK', '2020-09-03 13:22:54.307109', '', '2020-09-04 14:57:00', 3, 3),
	(322, 'EXBHX1018', '2020-09-04', '06:00:00.000000', '', 'OUTBOUND', 1, 1, 'UK', '2020-09-03 13:23:30.055982', '', '2020-09-04 14:57:00', 3, 3),
	(323, 'EXBHX2052', '2020-09-04', '07:00:00.000000', '', 'OUTBOUND', 1, 1, 'UK', '2020-09-03 13:23:50.639909', '', '2020-09-04 14:57:00', 3, 3),
	(324, 'EXCWL1014', '2020-09-04', '12:00:00.000000', '', 'OUTBOUND', 1, 1, 'UK', '2020-09-03 13:24:23.475785', '', '2020-09-04 14:57:00', 3, 3);
/*!40000 ALTER TABLE `warehouse` ENABLE KEYS */;

-- Dumping structure for table ukdcg.warehouseprofile
CREATE TABLE IF NOT EXISTS `warehouseprofile` (
  `id` int NOT NULL AUTO_INCREMENT,
  `position` varchar(2) NOT NULL,
  `beginworktime` time(6) NOT NULL,
  `overworktime` time(6) NOT NULL,
  `maxslot` int unsigned NOT NULL,
  `maxinbound` int unsigned NOT NULL,
  `op_datetime` datetime(6) NOT NULL,
  `op_user_id` int NOT NULL,
  PRIMARY KEY (`id`),
  KEY `WarehouseProfile_op_user_id_5ed435bf_fk_auth_user_id` (`op_user_id`),
  CONSTRAINT `WarehouseProfile_op_user_id_5ed435bf_fk_auth_user_id` FOREIGN KEY (`op_user_id`) REFERENCES `auth_user` (`id`),
  CONSTRAINT `warehouseprofile_chk_1` CHECK ((`maxslot` >= 0)),
  CONSTRAINT `warehouseprofile_chk_2` CHECK ((`maxinbound` >= 0))
) ENGINE=InnoDB AUTO_INCREMENT=2 DEFAULT CHARSET=utf8mb4 COLLATE=utf8mb4_0900_ai_ci;

-- Dumping data for table ukdcg.warehouseprofile: ~0 rows (approximately)
/*!40000 ALTER TABLE `warehouseprofile` DISABLE KEYS */;
INSERT INTO `warehouseprofile` (`id`, `position`, `beginworktime`, `overworktime`, `maxslot`, `maxinbound`, `op_datetime`, `op_user_id`) VALUES
	(1, 'UK', '06:00:00.000000', '20:30:00.000000', 2, 1, '2020-08-17 11:46:24.662275', 1);
/*!40000 ALTER TABLE `warehouseprofile` ENABLE KEYS */;

-- Dumping structure for table ukdcg.z_menu
CREATE TABLE IF NOT EXISTS `z_menu` (
  `id` int NOT NULL AUTO_INCREMENT,
  `menu_name` varchar(50) NOT NULL,
  `menu_url` varchar(200) DEFAULT NULL,
  `menu_order` varchar(50) NOT NULL,
  `is_use` tinyint(1) NOT NULL,
  `level` smallint unsigned NOT NULL,
  `menu_icon` varchar(200) NOT NULL,
  `node_type` smallint unsigned NOT NULL,
  `parent_id` smallint unsigned NOT NULL,
  `path` varchar(200) NOT NULL,
  PRIMARY KEY (`id`),
  CONSTRAINT `z_menu_chk_1` CHECK ((`level` >= 0)),
  CONSTRAINT `z_menu_chk_2` CHECK ((`node_type` >= 0)),
  CONSTRAINT `z_menu_chk_3` CHECK ((`parent_id` >= 0))
) ENGINE=InnoDB AUTO_INCREMENT=7 DEFAULT CHARSET=utf8mb4 COLLATE=utf8mb4_0900_ai_ci;

-- Dumping data for table ukdcg.z_menu: ~4 rows (approximately)
/*!40000 ALTER TABLE `z_menu` DISABLE KEYS */;
INSERT INTO `z_menu` (`id`, `menu_name`, `menu_url`, `menu_order`, `is_use`, `level`, `menu_icon`, `node_type`, `parent_id`, `path`) VALUES
	(1, 'Require', '/', '1', 1, 0, '', 1, 0, ''),
	(2, 'My SKU', '/', '2', 1, 0, '', 1, 0, ''),
	(3, 'My Profiles', '/', '1', 1, 0, '', 1, 0, ''),
	(4, 'Modify Password', '/', '2', 1, 0, '', 1, 0, ''),
	(6, 'NoChild', '', '0', 1, 0, '', 1, 0, '');
/*!40000 ALTER TABLE `z_menu` ENABLE KEYS */;

-- Dumping structure for table ukdcg.z_permission
CREATE TABLE IF NOT EXISTS `z_permission` (
  `id` int NOT NULL AUTO_INCREMENT,
  `menu_id` int NOT NULL,
  `role_id` int NOT NULL,
  PRIMARY KEY (`id`),
  KEY `z_permission_menu_id_dcbbe4a6_fk_z_menu_id` (`menu_id`),
  KEY `z_permission_role_id_3c3f846f_fk_z_role_id` (`role_id`),
  CONSTRAINT `z_permission_menu_id_dcbbe4a6_fk_z_menu_id` FOREIGN KEY (`menu_id`) REFERENCES `z_menu` (`id`),
  CONSTRAINT `z_permission_role_id_3c3f846f_fk_z_role_id` FOREIGN KEY (`role_id`) REFERENCES `z_role` (`id`)
) ENGINE=InnoDB AUTO_INCREMENT=7 DEFAULT CHARSET=utf8mb4 COLLATE=utf8mb4_0900_ai_ci;

-- Dumping data for table ukdcg.z_permission: ~5 rows (approximately)
/*!40000 ALTER TABLE `z_permission` DISABLE KEYS */;
INSERT INTO `z_permission` (`id`, `menu_id`, `role_id`) VALUES
	(1, 1, 1),
	(2, 2, 1),
	(3, 1, 2),
	(4, 3, 1),
	(5, 4, 2),
	(6, 6, 1);
/*!40000 ALTER TABLE `z_permission` ENABLE KEYS */;

-- Dumping structure for table ukdcg.z_role
CREATE TABLE IF NOT EXISTS `z_role` (
  `id` int NOT NULL AUTO_INCREMENT,
  `role_name` varchar(20) NOT NULL,
  `role_remark` varchar(200) NOT NULL,
  PRIMARY KEY (`id`)
) ENGINE=InnoDB AUTO_INCREMENT=3 DEFAULT CHARSET=utf8mb4 COLLATE=utf8mb4_0900_ai_ci;

-- Dumping data for table ukdcg.z_role: ~2 rows (approximately)
/*!40000 ALTER TABLE `z_role` DISABLE KEYS */;
INSERT INTO `z_role` (`id`, `role_name`, `role_remark`) VALUES
	(1, 'Admin', ''),
	(2, 'Operator', '');
/*!40000 ALTER TABLE `z_role` ENABLE KEYS */;

/*!40101 SET SQL_MODE=IFNULL(@OLD_SQL_MODE, '') */;
/*!40014 SET FOREIGN_KEY_CHECKS=IF(@OLD_FOREIGN_KEY_CHECKS IS NULL, 1, @OLD_FOREIGN_KEY_CHECKS) */;
/*!40101 SET CHARACTER_SET_CLIENT=@OLD_CHARACTER_SET_CLIENT */;
